,waste,wst_oper,unit,geo\time,y2018,y2017,y2016,y2015,y2014,y2013,y2012,y2011,y2010,y2009,y2008,y2007,y2006,y2005
1557,EE_CPV_CON,COL,T,AT,12228.0,13957.0,15004.0,0.0,0.0,0.0,0.0,0.0,0.0,0.0,0.0,0.0,0.0,0.0
1558,EE_CPV_CON,COL,T,BE,22381.0,21032.0,22562.0,0.0,0.0,0.0,0.0,0.0,0.0,0.0,0.0,0.0,0.0,0.0
1559,EE_CPV_CON,COL,T,CY,0.0,0.0,0.0,0.0,0.0,0.0,0.0,0.0,0.0,0.0,0.0,0.0,0.0,0.0
1560,EE_CPV_CON,COL,T,CZ,15366.0,15323.0,15439.0,13793.0,0.0,0.0,0.0,0.0,0.0,0.0,0.0,0.0,0.0,0.0
1561,EE_CPV_CON,COL,T,DE,118136.0,135109.0,130144.0,0.0,0.0,0.0,0.0,0.0,0.0,0.0,0.0,0.0,0.0,0.0
1562,EE_CPV_CON,COL,T,DK,8968.0,10702.0,12641.0,16006.0,0.0,0.0,0.0,0.0,0.0,0.0,0.0,0.0,0.0,0.0
1563,EE_CPV_CON,COL,T,EL,7577.0,7522.0,7475.0,7797.0,0.0,0.0,0.0,0.0,0.0,0.0,0.0,0.0,0.0,0.0
1564,EE_CPV_CON,COL,T,ES,35817.0,34319.0,37456.0,0.0,0.0,0.0,0.0,0.0,0.0,0.0,0.0,0.0,0.0,0.0
1565,EE_CPV_CON,COL,T,FR,109433.0,91791.0,118745.0,101422.0,0.0,0.0,0.0,0.0,0.0,0.0,0.0,0.0,0.0,0.0
1566,EE_CPV_CON,COL,T,IE,7863.0,0.0,0.0,0.0,0.0,0.0,0.0,0.0,0.0,0.0,0.0,0.0,0.0,0.0
1567,EE_CPV_CON,COL,T,IS,0.0,586.0,563.0,707.0,0.0,0.0,0.0,0.0,0.0,0.0,0.0,0.0,0.0,0.0
1568,EE_CPV_CON,COL,T,LI,91.0,49.0,55.0,0.0,0.0,0.0,0.0,0.0,0.0,0.0,0.0,0.0,0.0,0.0
1569,EE_CPV_CON,COL,T,MT,0.0,0.0,0.0,0.0,0.0,0.0,0.0,0.0,0.0,0.0,0.0,0.0,0.0,0.0
1570,EE_CPV_CON,COL,T,NL,21933.0,23161.0,24957.0,26426.0,0.0,0.0,0.0,0.0,0.0,0.0,0.0,0.0,0.0,0.0
1571,EE_CPV_CON,COL,T,PT,0.0,0.0,0.0,0.0,0.0,0.0,0.0,0.0,0.0,0.0,0.0,0.0,0.0,0.0
1572,EE_CPV_CON,COL,T,RO,0.0,0.0,7063.0,5385.0,0.0,0.0,0.0,0.0,0.0,0.0,0.0,0.0,0.0,0.0
1573,EE_CPV_CON,COL,T,SK,0.0,4392.0,4113.0,0.0,0.0,0.0,0.0,0.0,0.0,0.0,0.0,0.0,0.0,0.0
1574,EE_CPV_CON,COL,T,UK,38470.0,42225.0,45107.0,42076.0,0.0,0.0,0.0,0.0,0.0,0.0,0.0,0.0,0.0,0.0
1660,EE_CPV_CON,MKT,T,AT,19869.0,16492.0,15004.0,0.0,0.0,0.0,0.0,0.0,0.0,0.0,0.0,0.0,0.0,0.0
1661,EE_CPV_CON,MKT,T,BE,17288.0,18182.0,18312.0,0.0,0.0,0.0,0.0,0.0,0.0,0.0,0.0,0.0,0.0,0.0
1662,EE_CPV_CON,MKT,T,CY,0.0,0.0,0.0,0.0,0.0,0.0,0.0,0.0,0.0,0.0,0.0,0.0,0.0,0.0
1663,EE_CPV_CON,MKT,T,CZ,14099.0,12860.0,12797.0,18058.0,0.0,0.0,0.0,0.0,0.0,0.0,0.0,0.0,0.0,0.0
1664,EE_CPV_CON,MKT,T,DE,146340.0,156179.0,135000.0,0.0,0.0,0.0,0.0,0.0,0.0,0.0,0.0,0.0,0.0,0.0
1665,EE_CPV_CON,MKT,T,DK,13468.0,10984.0,10803.0,11559.0,0.0,0.0,0.0,0.0,0.0,0.0,0.0,0.0,0.0,0.0
1666,EE_CPV_CON,MKT,T,EL,8409.0,7424.0,7161.0,6312.0,0.0,0.0,0.0,0.0,0.0,0.0,0.0,0.0,0.0,0.0
1667,EE_CPV_CON,MKT,T,ES,51384.0,44723.0,43676.0,0.0,0.0,0.0,0.0,0.0,0.0,0.0,0.0,0.0,0.0,0.0
1668,EE_CPV_CON,MKT,T,FR,91094.0,83866.0,96432.0,89526.0,0.0,0.0,0.0,0.0,0.0,0.0,0.0,0.0,0.0,0.0
1669,EE_CPV_CON,MKT,T,IE,7054.0,0.0,0.0,0.0,0.0,0.0,0.0,0.0,0.0,0.0,0.0,0.0,0.0,0.0
1670,EE_CPV_CON,MKT,T,IS,0.0,1207.0,989.0,957.0,0.0,0.0,0.0,0.0,0.0,0.0,0.0,0.0,0.0,0.0
1671,EE_CPV_CON,MKT,T,LI,91.0,49.0,55.0,0.0,0.0,0.0,0.0,0.0,0.0,0.0,0.0,0.0,0.0,0.0
1672,EE_CPV_CON,MKT,T,MT,0.0,0.0,0.0,0.0,0.0,0.0,0.0,0.0,0.0,0.0,0.0,0.0,0.0,0.0
1673,EE_CPV_CON,MKT,T,NL,23137.0,22706.0,22883.0,22408.0,0.0,0.0,0.0,0.0,0.0,0.0,0.0,0.0,0.0,0.0
1674,EE_CPV_CON,MKT,T,PT,0.0,0.0,0.0,0.0,0.0,0.0,0.0,0.0,0.0,0.0,0.0,0.0,0.0,0.0
1675,EE_CPV_CON,MKT,T,RO,0.0,0.0,17289.0,15236.0,0.0,0.0,0.0,0.0,0.0,0.0,0.0,0.0,0.0,0.0
1676,EE_CPV_CON,MKT,T,SK,0.0,5654.0,6199.0,0.0,0.0,0.0,0.0,0.0,0.0,0.0,0.0,0.0,0.0,0.0
1677,EE_CPV_CON,MKT,T,UK,140181.0,54644.0,63104.0,114327.0,0.0,0.0,0.0,0.0,0.0,0.0,0.0,0.0,0.0,0.0
1710,EE_CPV_CON,RCV,T,AT,11629.0,13264.0,13970.0,0.0,0.0,0.0,0.0,0.0,0.0,0.0,0.0,0.0,0.0,0.0
1711,EE_CPV_CON,RCV,T,BE,18608.0,18415.0,19654.0,0.0,0.0,0.0,0.0,0.0,0.0,0.0,0.0,0.0,0.0,0.0
1712,EE_CPV_CON,RCV,T,CY,0.0,0.0,0.0,0.0,0.0,0.0,0.0,0.0,0.0,0.0,0.0,0.0,0.0,0.0
1713,EE_CPV_CON,RCV,T,CZ,14404.0,14169.0,14439.0,11806.0,0.0,0.0,0.0,0.0,0.0,0.0,0.0,0.0,0.0,0.0
1714,EE_CPV_CON,RCV,T,DE,114853.0,130851.0,125961.0,0.0,0.0,0.0,0.0,0.0,0.0,0.0,0.0,0.0,0.0,0.0
1715,EE_CPV_CON,RCV,T,DK,7973.0,10632.0,12199.0,15941.0,0.0,0.0,0.0,0.0,0.0,0.0,0.0,0.0,0.0,0.0
1716,EE_CPV_CON,RCV,T,EL,6092.0,5522.0,7050.0,7576.0,0.0,0.0,0.0,0.0,0.0,0.0,0.0,0.0,0.0,0.0
1717,EE_CPV_CON,RCV,T,ES,29008.0,30011.0,36113.0,0.0,0.0,0.0,0.0,0.0,0.0,0.0,0.0,0.0,0.0,0.0
1718,EE_CPV_CON,RCV,T,FR,52930.0,81511.0,105935.0,90903.0,0.0,0.0,0.0,0.0,0.0,0.0,0.0,0.0,0.0,0.0
1719,EE_CPV_CON,RCV,T,IE,7065.0,0.0,0.0,0.0,0.0,0.0,0.0,0.0,0.0,0.0,0.0,0.0,0.0,0.0
1720,EE_CPV_CON,RCV,T,IS,0.0,529.0,274.0,0.0,0.0,0.0,0.0,0.0,0.0,0.0,0.0,0.0,0.0,0.0
1721,EE_CPV_CON,RCV,T,LI,66.0,36.0,40.0,0.0,0.0,0.0,0.0,0.0,0.0,0.0,0.0,0.0,0.0,0.0
1722,EE_CPV_CON,RCV,T,NL,19868.0,20375.0,24111.0,25642.0,0.0,0.0,0.0,0.0,0.0,0.0,0.0,0.0,0.0,0.0
1723,EE_CPV_CON,RCV,T,PT,0.0,0.0,0.0,0.0,0.0,0.0,0.0,0.0,0.0,0.0,0.0,0.0,0.0,0.0
1724,EE_CPV_CON,RCV,T,RO,0.0,0.0,6119.0,4496.0,0.0,0.0,0.0,0.0,0.0,0.0,0.0,0.0,0.0,0.0
1725,EE_CPV_CON,RCV,T,SK,0.0,3935.0,3732.0,0.0,0.0,0.0,0.0,0.0,0.0,0.0,0.0,0.0,0.0,0.0
1726,EE_CPV_CON,RCV,T,UK,36162.0,36462.0,38662.0,34814.0,0.0,0.0,0.0,0.0,0.0,0.0,0.0,0.0,0.0,0.0
1759,EE_CPV_CON,RCY_REU,T,AT,9603.0,10851.0,12437.0,0.0,0.0,0.0,0.0,0.0,0.0,0.0,0.0,0.0,0.0,0.0
1760,EE_CPV_CON,RCY_REU,T,BE,16632.0,16479.0,17793.0,0.0,0.0,0.0,0.0,0.0,0.0,0.0,0.0,0.0,0.0,0.0
1761,EE_CPV_CON,RCY_REU,T,CY,0.0,0.0,0.0,0.0,0.0,0.0,0.0,0.0,0.0,0.0,0.0,0.0,0.0,0.0
1762,EE_CPV_CON,RCY_REU,T,CZ,14250.0,14009.0,14155.0,11522.0,0.0,0.0,0.0,0.0,0.0,0.0,0.0,0.0,0.0,0.0
1763,EE_CPV_CON,RCY_REU,T,DE,100830.0,118775.0,112794.0,0.0,0.0,0.0,0.0,0.0,0.0,0.0,0.0,0.0,0.0,0.0
1764,EE_CPV_CON,RCY_REU,T,DK,7488.0,10166.0,11696.0,14986.0,0.0,0.0,0.0,0.0,0.0,0.0,0.0,0.0,0.0,0.0
1765,EE_CPV_CON,RCY_REU,T,EL,5838.0,5105.0,6919.0,7576.0,0.0,0.0,0.0,0.0,0.0,0.0,0.0,0.0,0.0,0.0
1766,EE_CPV_CON,RCY_REU,T,ES,28207.0,29542.0,34794.0,0.0,0.0,0.0,0.0,0.0,0.0,0.0,0.0,0.0,0.0,0.0
1767,EE_CPV_CON,RCY_REU,T,FR,47443.0,75459.0,99659.0,84746.0,0.0,0.0,0.0,0.0,0.0,0.0,0.0,0.0,0.0,0.0
1768,EE_CPV_CON,RCY_REU,T,IE,6629.0,0.0,0.0,0.0,0.0,0.0,0.0,0.0,0.0,0.0,0.0,0.0,0.0,0.0
1769,EE_CPV_CON,RCY_REU,T,IS,0.0,529.0,274.0,0.0,0.0,0.0,0.0,0.0,0.0,0.0,0.0,0.0,0.0,0.0
1770,EE_CPV_CON,RCY_REU,T,LI,66.0,36.0,40.0,0.0,0.0,0.0,0.0,0.0,0.0,0.0,0.0,0.0,0.0,0.0
1771,EE_CPV_CON,RCY_REU,T,NL,17813.0,17813.0,20065.0,21794.0,0.0,0.0,0.0,0.0,0.0,0.0,0.0,0.0,0.0,0.0
1772,EE_CPV_CON,RCY_REU,T,PT,0.0,0.0,0.0,0.0,0.0,0.0,0.0,0.0,0.0,0.0,0.0,0.0,0.0,0.0
1773,EE_CPV_CON,RCY_REU,T,RO,0.0,0.0,5251.0,3687.0,0.0,0.0,0.0,0.0,0.0,0.0,0.0,0.0,0.0,0.0
1774,EE_CPV_CON,RCY_REU,T,SK,0.0,3844.0,3688.0,0.0,0.0,0.0,0.0,0.0,0.0,0.0,0.0,0.0,0.0,0.0
1775,EE_CPV_CON,RCY_REU,T,UK,32315.0,34437.0,36085.0,33611.0,0.0,0.0,0.0,0.0,0.0,0.0,0.0,0.0,0.0,0.0
1786,EE_CPV_CON,REU,T,AT,283.0,264.0,429.0,0.0,0.0,0.0,0.0,0.0,0.0,0.0,0.0,0.0,0.0,0.0
1787,EE_CPV_CON,REU,T,BE,564.0,0.0,0.0,0.0,0.0,0.0,0.0,0.0,0.0,0.0,0.0,0.0,0.0,0.0
1788,EE_CPV_CON,REU,T,CY,0.0,0.0,0.0,0.0,0.0,0.0,0.0,0.0,0.0,0.0,0.0,0.0,0.0,0.0
1789,EE_CPV_CON,REU,T,DE,1209.0,5797.0,1289.0,0.0,0.0,0.0,0.0,0.0,0.0,0.0,0.0,0.0,0.0,0.0
1790,EE_CPV_CON,REU,T,DK,232.0,135.0,65.0,70.0,0.0,0.0,0.0,0.0,0.0,0.0,0.0,0.0,0.0,0.0
1791,EE_CPV_CON,REU,T,EE,0.0,0.0,0.0,0.0,0.0,0.0,0.0,0.0,0.0,0.0,0.0,0.0,0.0,0.0
1792,EE_CPV_CON,REU,T,FR,786.0,808.0,435.0,1238.0,0.0,0.0,0.0,0.0,0.0,0.0,0.0,0.0,0.0,0.0
1793,EE_CPV_CON,REU,T,IE,0.0,0.0,0.0,0.0,0.0,0.0,0.0,0.0,0.0,0.0,0.0,0.0,0.0,0.0
1794,EE_CPV_CON,REU,T,IS,0.0,0.0,0.0,0.0,0.0,0.0,0.0,0.0,0.0,0.0,0.0,0.0,0.0,0.0
1795,EE_CPV_CON,REU,T,NL,0.0,0.0,0.0,0.0,0.0,0.0,0.0,0.0,0.0,0.0,0.0,0.0,0.0,0.0
1796,EE_CPV_CON,REU,T,PT,0.0,0.0,0.0,0.0,0.0,0.0,0.0,0.0,0.0,0.0,0.0,0.0,0.0,0.0
1797,EE_CPV_CON,REU,T,UK,0.0,1700.0,2149.0,2393.0,0.0,0.0,0.0,0.0,0.0,0.0,0.0,0.0,0.0,0.0
3115,EE_ITT,COL,T,AT,18205.0,19683.0,18934.0,18365.0,18057.0,17503.0,17632.0,16586.0,16332.0,15697.0,15343.0,13212.0,11366.0,3148.0
3116,EE_ITT,COL,T,BE,22991.0,21591.0,21933.0,15924.0,18364.0,18482.0,19290.0,20783.0,18626.0,17442.0,16285.0,14373.0,12155.0,10674.0
3117,EE_ITT,COL,T,BG,0.0,2548.0,3515.0,4147.0,2549.0,2851.0,3158.0,2324.0,2850.0,2092.0,4554.0,3836.0,0.0,0.0
3118,EE_ITT,COL,T,CY,0.0,489.0,694.0,312.0,493.0,477.0,529.0,520.0,547.0,259.0,290.0,128.0,857.0,264.0
3119,EE_ITT,COL,T,CZ,13612.0,13966.0,13618.0,12481.0,8813.0,8753.0,10047.0,9866.0,11785.0,12349.0,9784.0,7271.0,0.0,0.0
3120,EE_ITT,COL,T,DE,125012.0,126007.0,114668.0,123697.0,144476.0,157357.0,160125.0,173710.0,217917.0,161958.0,155007.0,117749.0,102336.0,0.0
3121,EE_ITT,COL,T,DK,9534.0,10468.0,10553.0,12419.0,11625.0,12797.0,13520.0,14519.0,18325.0,14633.0,16507.0,17043.0,11380.0,0.0
3122,EE_ITT,COL,T,EE,1252.0,1062.0,1259.0,1479.0,1165.0,1138.0,1463.0,1401.0,1132.0,1058.0,971.0,871.0,687.0,0.0
3123,EE_ITT,COL,T,EL,5078.0,5439.0,5235.0,5104.0,5191.0,4641.0,5047.0,6344.0,7242.0,8290.0,5942.0,2982.0,1001.0,449.0
3124,EE_ITT,COL,T,ES,32726.0,24669.0,22866.0,19081.0,20205.0,23510.0,20679.0,23001.0,25924.0,15947.0,17019.0,14406.0,2588.0,0.0
3125,EE_ITT,COL,T,EU27_2020,0.0,546717.0,510838.0,480516.0,490995.0,469917.0,477152.0,500804.0,0.0,0.0,0.0,0.0,0.0,0.0
3126,EE_ITT,COL,T,EU28,0.0,674869.0,669999.0,641023.0,618088.0,607512.0,650871.0,682726.0,0.0,0.0,0.0,0.0,0.0,0.0
3127,EE_ITT,COL,T,FI,10204.0,11666.0,9512.0,9378.0,9381.0,8230.0,7640.0,7998.0,8034.0,10993.0,11647.0,10375.0,7012.0,2841.0
3128,EE_ITT,COL,T,FR,107610.0,97414.0,94008.0,77816.0,67731.0,64151.0,66229.0,69687.0,63407.0,67485.0,47766.0,28574.0,8540.0,0.0
3129,EE_ITT,COL,T,HR,5398.0,4825.0,5442.0,3530.0,2722.0,2650.0,2929.0,3296.0,0.0,0.0,0.0,0.0,0.0,0.0
3130,EE_ITT,COL,T,HU,0.0,10732.0,9718.0,8887.0,8995.0,9606.0,8961.0,3882.0,5025.0,6016.0,5719.0,3473.0,2378.0,1242.0
3131,EE_ITT,COL,T,IE,6435.0,6794.0,7933.0,7133.0,6412.0,7197.0,6809.0,5973.0,4319.0,5328.0,9599.0,11163.0,0.0,0.0
3132,EE_ITT,COL,T,IS,0.0,588.0,545.0,694.0,715.0,616.0,792.0,610.0,455.0,333.0,0.0,0.0,0.0,0.0
3133,EE_ITT,COL,T,IT,0.0,0.0,0.0,59425.0,59582.0,32342.0,35752.0,40914.0,38237.0,38906.0,36143.0,19728.0,0.0,0.0
3134,EE_ITT,COL,T,LI,126.0,65.0,72.0,74.0,58.0,78.0,43.0,48.0,0.0,0.0,0.0,0.0,0.0,0.0
3135,EE_ITT,COL,T,LT,0.0,1719.0,1857.0,2155.0,3144.0,3317.0,1844.0,1537.0,1147.0,687.0,1415.0,1575.0,1072.0,288.0
3136,EE_ITT,COL,T,LU,0.0,688.0,809.0,751.0,678.0,754.0,762.0,926.0,910.0,831.0,828.0,853.0,570.0,0.0
3137,EE_ITT,COL,T,LV,823.0,855.0,513.0,547.0,528.0,466.0,502.0,498.0,562.0,491.0,853.0,801.0,0.0,0.0
3138,EE_ITT,COL,T,MT,0.0,494.0,385.0,430.0,330.0,419.0,332.0,233.0,104.0,112.0,31.0,49.0,85.0,29.0
3139,EE_ITT,COL,T,NL,31326.0,28821.0,28275.0,28855.0,29699.0,14437.0,17625.0,19443.0,20620.0,22623.0,23069.0,21049.0,18440.0,16838.0
3140,EE_ITT,COL,T,NO,13484.0,13349.0,14515.0,14628.0,14448.0,14153.0,16668.0,17920.0,16496.0,19849.0,21493.0,20368.0,18439.0,15917.0
3141,EE_ITT,COL,T,PL,0.0,33493.0,31680.0,24433.0,25884.0,30781.0,27154.0,24177.0,18082.0,15334.0,14949.0,8715.0,3067.0,0.0
3142,EE_ITT,COL,T,PT,0.0,8956.0,9437.0,8415.0,11218.0,7151.0,7062.0,8410.0,7272.0,12208.0,11937.0,3238.0,1176.0,0.0
3143,EE_ITT,COL,T,RO,0.0,0.0,5645.0,6837.0,4803.0,4886.0,4976.0,5446.0,6460.0,9104.0,6253.0,1164.0,274.0,0.0
3144,EE_ITT,COL,T,SE,21690.0,20729.0,26268.0,23581.0,24006.0,30895.0,32467.0,34370.0,31756.0,30685.0,29591.0,29782.0,25174.0,9440.0
3145,EE_ITT,COL,T,SI,0.0,2029.0,2659.0,2242.0,2253.0,1497.0,1782.0,2020.0,2839.0,1826.0,1841.0,1237.0,0.0,0.0
3146,EE_ITT,COL,T,SK,0.0,4347.0,3998.0,3094.0,2691.0,3629.0,2835.0,2940.0,3244.0,2665.0,2532.0,2101.0,859.0,286.0
3147,EE_ITT,COL,T,UK,120217.0,128151.0,159161.0,160506.0,127093.0,137595.0,173720.0,181922.0,165626.0,154652.0,132010.0,55831.0,0.0,0.0
3311,EE_ITT,MKT,T,AT,37668.0,34258.0,34559.0,31406.0,28438.0,26599.0,27980.0,28213.0,28656.0,27663.0,29988.0,29520.0,26950.0,11414.0
3312,EE_ITT,MKT,T,BE,28475.0,27349.0,26373.0,22820.0,22544.0,40972.0,72666.0,72961.0,66446.0,71896.0,77543.0,62280.0,63627.0,32743.0
3313,EE_ITT,MKT,T,BG,0.0,3713.0,3946.0,3998.0,4134.0,3489.0,3245.0,3105.0,3334.0,3301.0,690.0,1472.0,0.0,0.0
3314,EE_ITT,MKT,T,CY,0.0,957.0,732.0,804.0,786.0,798.0,1298.0,1748.0,1945.0,2362.0,1256.0,1192.0,470.0,1794.0
3315,EE_ITT,MKT,T,CZ,23983.0,22884.0,24681.0,30965.0,43656.0,49327.0,38771.0,43844.0,34043.0,45412.0,53220.0,54677.0,0.0,0.0
3316,EE_ITT,MKT,T,DE,283162.0,245642.0,242308.0,228483.0,246429.0,232678.0,248878.0,269812.0,285284.0,308740.0,319983.0,301778.0,314898.0,0.0
3317,EE_ITT,MKT,T,DK,20721.0,21565.0,20820.0,19078.0,29651.0,19969.0,22646.0,25229.0,27165.0,24347.0,26038.0,29764.0,25800.0,0.0
3318,EE_ITT,MKT,T,EE,1551.0,1297.0,1319.0,1361.0,1547.0,1540.0,1726.0,1913.0,1336.0,976.0,2426.0,2968.0,2500.0,0.0
3319,EE_ITT,MKT,T,EL,10151.0,9584.0,10175.0,11799.0,14084.0,11202.0,14475.0,15680.0,20410.0,24980.0,19441.0,19472.0,15427.0,13084.0
3320,EE_ITT,MKT,T,ES,52262.0,56637.0,55479.0,66694.0,65607.0,66814.0,61328.0,73881.0,83215.0,83475.0,91045.0,123651.0,40306.0,0.0
3321,EE_ITT,MKT,T,EU27_2020,0.0,917120.0,902321.0,884368.0,942330.0,924789.0,997960.0,1113568.0,0.0,0.0,0.0,0.0,0.0,0.0
3322,EE_ITT,MKT,T,EU28,0.0,1153812.0,1155822.0,1142046.0,1203037.0,1176678.0,1274275.0,1416098.0,0.0,0.0,0.0,0.0,0.0,0.0
3323,EE_ITT,MKT,T,FI,15505.0,14781.0,17359.0,16573.0,16296.0,18080.0,16960.0,21587.0,20603.0,21613.0,31039.0,24462.0,18371.0,8550.0
3324,EE_ITT,MKT,T,FR,156804.0,153790.0,157101.0,140925.0,149917.0,156703.0,180521.0,200890.0,201576.0,185745.0,219131.0,231175.0,203327.0,0.0
3325,EE_ITT,MKT,T,HR,5628.0,5008.0,4935.0,4608.0,4461.0,4690.0,4513.0,5323.0,0.0,0.0,0.0,0.0,0.0,0.0
3326,EE_ITT,MKT,T,HU,0.0,11790.0,10908.0,11638.0,11419.0,10797.0,10571.0,12243.0,11449.0,13405.0,16727.0,11907.0,11045.0,12381.0
3327,EE_ITT,MKT,T,IE,14907.0,15505.0,11994.0,12752.0,19245.0,14448.0,15538.0,22194.0,18276.0,14065.0,20257.0,24803.0,0.0,0.0
3328,EE_ITT,MKT,T,IS,0.0,1714.0,545.0,1442.0,1482.0,1293.0,1144.0,1202.0,1070.0,859.0,0.0,0.0,0.0,0.0
3329,EE_ITT,MKT,T,IT,0.0,0.0,0.0,91250.0,91314.0,84956.0,93557.0,104271.0,110221.0,105601.0,147655.0,128223.0,0.0,0.0
3330,EE_ITT,MKT,T,LI,126.0,65.0,72.0,74.0,58.0,78.0,43.0,48.0,0.0,0.0,0.0,0.0,0.0,0.0
3331,EE_ITT,MKT,T,LT,0.0,3446.0,3440.0,3537.0,3144.0,3320.0,3506.0,3062.0,2863.0,2482.0,5059.0,5983.0,5497.0,5480.0
3332,EE_ITT,MKT,T,LU,0.0,1919.0,1960.0,2357.0,2573.0,2469.0,2518.0,4593.0,4462.0,2523.0,2499.0,2176.0,1199.0,562.0
3333,EE_ITT,MKT,T,LV,1918.0,2025.0,2063.0,2143.0,1987.0,2036.0,2141.0,2085.0,2117.0,1690.0,3557.0,4279.0,0.0,0.0
3334,EE_ITT,MKT,T,MT,0.0,1076.0,904.0,800.0,816.0,835.0,758.0,775.0,805.0,793.0,918.0,867.0,675.0,870.0
3335,EE_ITT,MKT,T,NL,63655.0,51346.0,53497.0,51503.0,57985.0,49950.0,52910.0,0.0,0.0,0.0,0.0,0.0,0.0,0.0
3336,EE_ITT,MKT,T,NO,16263.0,16740.0,16973.0,19958.0,23432.0,24648.0,24099.0,23589.0,16055.0,15536.0,31156.0,31156.0,31408.0,34761.0
3337,EE_ITT,MKT,T,PL,0.0,58339.0,57176.0,56478.0,54998.0,54454.0,51936.0,61423.0,52005.0,50378.0,73736.0,66933.0,123418.0,0.0
3338,EE_ITT,MKT,T,PT,0.0,12507.0,11010.0,12397.0,12985.0,12985.0,11630.0,15111.0,16316.0,23049.0,23118.0,22657.0,19498.0,22238.0
3339,EE_ITT,MKT,T,RO,0.0,0.0,13232.0,13469.0,13400.0,13759.0,12423.0,14350.0,31944.0,11139.0,19715.0,31746.0,25199.0,0.0
3340,EE_ITT,MKT,T,SE,40212.0,33052.0,35310.0,37073.0,36724.0,35201.0,38596.0,41456.0,42212.0,37746.0,44087.0,112240.0,43981.0,16493.0
3341,EE_ITT,MKT,T,SI,0.0,2320.0,2706.0,2987.0,2863.0,2380.0,2412.0,3026.0,3073.0,3099.0,4536.0,4107.0,3404.0,0.0
3342,EE_ITT,MKT,T,SK,0.0,6514.0,7085.0,6467.0,5328.0,4337.0,4457.0,4341.0,5518.0,4962.0,6533.0,5707.0,5727.0,4290.0
3343,EE_ITT,MKT,T,UK,153593.0,236692.0,253501.0,257678.0,260707.0,251889.0,276315.0,302530.0,338838.0,360507.0,251305.0,151077.0,0.0,0.0
3410,EE_ITT,RCV,T,AT,17204.0,18798.0,17489.0,17037.0,16564.0,15816.0,15980.0,15267.0,14680.0,13899.0,13397.0,11368.0,9552.0,2521.0
3411,EE_ITT,RCV,T,BE,17523.0,17284.0,15722.0,14904.0,15486.0,15933.0,18247.0,17742.0,15625.0,14206.0,13160.0,11819.0,10329.0,8958.0
3412,EE_ITT,RCV,T,BG,0.0,2051.0,3332.0,3321.0,1944.0,2159.0,2348.0,1653.0,2245.0,1561.0,2869.0,1572.0,0.0,0.0
3413,EE_ITT,RCV,T,CY,0.0,349.0,590.0,290.0,468.0,328.0,514.0,401.0,310.0,192.0,0.0,0.0,0.0,0.0
3414,EE_ITT,RCV,T,CZ,12642.0,10605.0,11172.0,9457.0,7626.0,6600.0,6864.0,6763.0,9845.0,9766.0,5931.0,4672.0,0.0,0.0
3415,EE_ITT,RCV,T,DE,122775.0,122471.0,111265.0,112450.0,138568.0,143834.0,145355.0,161663.0,205214.0,148159.0,142471.0,108498.0,92602.0,0.0
3416,EE_ITT,RCV,T,DK,8569.0,9647.0,10105.0,10598.0,11589.0,9665.0,12716.0,14005.0,17464.0,13769.0,15359.0,15111.0,10822.0,0.0
3417,EE_ITT,RCV,T,EE,1138.0,968.0,1182.0,1387.0,1095.0,767.0,1417.0,966.0,1113.0,1039.0,723.0,767.0,0.0,0.0
3418,EE_ITT,RCV,T,EL,4257.0,4410.0,5053.0,5016.0,4732.0,4595.0,4751.0,6296.0,7475.0,7281.0,5431.0,2515.0,788.0,45.0
3419,EE_ITT,RCV,T,ES,31689.0,22288.0,21703.0,16303.0,17921.0,21629.0,20089.0,20802.0,17908.0,11852.0,12996.0,11515.0,2042.0,0.0
3420,EE_ITT,RCV,T,EU27_2020,0.0,485912.0,456233.0,421099.0,435864.0,370956.0,0.0,0.0,0.0,0.0,0.0,0.0,0.0,0.0
3421,EE_ITT,RCV,T,EU28,0.0,599508.0,594554.0,557601.0,544857.0,0.0,0.0,0.0,0.0,0.0,0.0,0.0,0.0,0.0
3422,EE_ITT,RCV,T,FI,9743.0,11119.0,9031.0,9303.0,8590.0,6884.0,6876.0,7433.0,7415.0,10142.0,10363.0,7844.0,5324.0,2141.0
3423,EE_ITT,RCV,T,FR,86277.0,84685.0,82976.0,69181.0,60441.0,52242.0,53833.0,50917.0,47705.0,49455.0,33984.0,17561.0,2788.0,0.0
3424,EE_ITT,RCV,T,HR,4621.0,4403.0,5020.0,3139.0,2720.0,2691.0,2976.0,0.0,0.0,0.0,0.0,0.0,0.0,0.0
3425,EE_ITT,RCV,T,HU,0.0,9161.0,7867.0,8018.0,8495.0,9026.0,7835.0,3417.0,4453.0,5249.0,4759.0,2734.0,1823.0,849.0
3426,EE_ITT,RCV,T,IE,5760.0,6318.0,7716.0,6706.0,6067.0,6024.0,5790.0,4500.0,3443.0,4121.0,8218.0,10377.0,0.0,0.0
3427,EE_ITT,RCV,T,IS,0.0,473.0,353.0,694.0,233.0,263.0,424.0,397.0,281.0,260.0,0.0,0.0,0.0,0.0
3428,EE_ITT,RCV,T,IT,0.0,0.0,0.0,50550.0,48036.0,0.0,0.0,0.0,0.0,0.0,0.0,0.0,0.0,0.0
3429,EE_ITT,RCV,T,LI,92.0,48.0,53.0,54.0,44.0,59.0,33.0,36.0,0.0,0.0,0.0,0.0,0.0,0.0
3430,EE_ITT,RCV,T,LT,0.0,1483.0,1591.0,1838.0,2493.0,2436.0,1372.0,1094.0,868.0,664.0,975.0,1053.0,811.0,173.0
3431,EE_ITT,RCV,T,LU,0.0,638.0,651.0,614.0,578.0,666.0,666.0,798.0,732.0,655.0,647.0,707.0,493.0,0.0
3432,EE_ITT,RCV,T,LV,696.0,660.0,449.0,454.0,488.0,439.0,452.0,430.0,473.0,436.0,593.0,567.0,0.0,0.0
3433,EE_ITT,RCV,T,MT,0.0,325.0,365.0,435.0,462.0,486.0,232.0,549.0,43.0,0.0,0.0,0.0,0.0,0.0
3434,EE_ITT,RCV,T,NL,29166.0,26656.0,26975.0,27425.0,28268.0,14040.0,17018.0,17090.0,19889.0,22361.0,22457.0,20413.0,17763.0,16185.0
3435,EE_ITT,RCV,T,NO,12598.0,11003.0,12954.0,11468.0,12262.0,12498.0,15004.0,15651.0,14290.0,17233.0,19222.0,17327.0,14488.0,19843.0
3436,EE_ITT,RCV,T,PL,0.0,20297.0,19917.0,13162.0,12490.0,11622.0,12587.0,12859.0,8777.0,12520.0,5952.0,5666.0,22.0,0.0
3437,EE_ITT,RCV,T,PT,0.0,8237.0,8665.0,7539.0,9363.0,6581.0,6467.0,7885.0,6710.0,11157.0,10805.0,3114.0,1013.0,0.0
3438,EE_ITT,RCV,T,RO,0.0,0.0,5596.0,5305.0,4170.0,4162.0,4294.0,4712.0,5526.0,7632.0,1522.0,134.0,5.0,0.0
3439,EE_ITT,RCV,T,SE,20353.0,19460.0,24643.0,21918.0,22839.0,28969.0,29750.0,31741.0,29371.0,28577.0,27607.0,24739.0,23255.0,8721.0
3440,EE_ITT,RCV,T,SI,0.0,2194.0,2911.0,1845.0,1744.0,347.0,1568.0,1612.0,2165.0,1812.0,0.0,0.0,0.0,0.0
3441,EE_ITT,RCV,T,SK,0.0,4051.0,3696.0,2905.0,2626.0,3013.0,2649.0,2613.0,2930.0,2384.0,2254.0,1790.0,762.0,203.0
3442,EE_ITT,RCV,T,UK,114206.0,113596.0,138321.0,136501.0,108993.0,0.0,0.0,0.0,0.0,120318.0,102586.0,42929.0,0.0,0.0
3509,EE_ITT,RCY_REU,T,AT,13813.0,14865.0,15031.0,14220.0,13768.0,13300.0,13765.0,13177.0,12772.0,12023.0,11624.0,9862.0,8325.0,2065.0
3510,EE_ITT,RCY_REU,T,BE,15302.0,14751.0,13628.0,12992.0,13562.0,14514.0,16935.0,16438.0,14522.0,13220.0,12448.0,11421.0,5772.0,4299.0
3511,EE_ITT,RCY_REU,T,BG,0.0,1892.0,3274.0,3157.0,1900.0,2080.0,2273.0,1563.0,2010.0,1486.0,2759.0,1464.0,0.0,0.0
3512,EE_ITT,RCY_REU,T,CY,0.0,349.0,590.0,290.0,468.0,328.0,514.0,401.0,310.0,192.0,0.0,0.0,0.0,0.0
3513,EE_ITT,RCY_REU,T,CZ,12189.0,10323.0,10962.0,9265.0,8048.0,7157.0,7771.0,7831.0,9617.0,9274.0,5611.0,4408.0,0.0,0.0
3514,EE_ITT,RCY_REU,T,DE,110973.0,109261.0,100850.0,100512.0,123747.0,127550.0,127965.0,142648.0,179171.0,126298.0,122922.0,92573.0,75562.0,0.0
3515,EE_ITT,RCY_REU,T,DK,7941.0,9394.0,9731.0,9977.0,10797.0,8856.0,11755.0,12945.0,15915.0,12879.0,14074.0,13402.0,9506.0,0.0
3516,EE_ITT,RCY_REU,T,EE,1055.0,903.0,1141.0,1331.0,1031.0,720.0,1303.0,792.0,915.0,904.0,723.0,767.0,0.0,0.0
3517,EE_ITT,RCY_REU,T,EL,3800.0,3701.0,4915.0,5016.0,4732.0,4595.0,4751.0,6296.0,7475.0,7281.0,5431.0,2515.0,788.0,45.0
3518,EE_ITT,RCY_REU,T,ES,30849.0,21430.0,20398.0,15588.0,17139.0,19804.0,19994.0,20176.0,15372.0,9951.0,11062.0,10805.0,2000.0,0.0
3519,EE_ITT,RCY_REU,T,EU27_2020,0.0,447897.0,423581.0,388215.0,401197.0,0.0,0.0,0.0,0.0,0.0,0.0,0.0,0.0,0.0
3520,EE_ITT,RCY_REU,T,EU28,0.0,556607.0,555280.0,519819.0,503295.0,0.0,0.0,0.0,0.0,0.0,0.0,0.0,0.0,0.0
3521,EE_ITT,RCY_REU,T,FI,9655.0,11023.0,8944.0,9160.0,8499.0,6747.0,6791.0,7228.0,7353.0,9877.0,9816.0,7439.0,5031.0,2111.0
3522,EE_ITT,RCY_REU,T,FR,78313.0,78103.0,77629.0,65169.0,56519.0,48244.0,47669.0,47405.0,45175.0,46569.0,32027.0,16537.0,2557.0,0.0
3523,EE_ITT,RCY_REU,T,HR,4621.0,4403.0,5020.0,3139.0,2720.0,2691.0,2976.0,0.0,0.0,0.0,0.0,0.0,0.0,0.0
3524,EE_ITT,RCY_REU,T,HU,0.0,9161.0,7861.0,7452.0,8490.0,9020.0,7784.0,3383.0,4433.0,5064.0,4626.0,2573.0,1818.0,830.0
3525,EE_ITT,RCY_REU,T,IE,5438.0,5724.0,7541.0,5788.0,5690.0,5614.0,5641.0,4472.0,3363.0,3988.0,7399.0,10377.0,0.0,0.0
3526,EE_ITT,RCY_REU,T,IS,0.0,473.0,353.0,694.0,204.0,235.0,354.0,329.0,229.0,228.0,0.0,0.0,0.0,0.0
3527,EE_ITT,RCY_REU,T,IT,0.0,0.0,0.0,49907.0,47163.0,0.0,0.0,0.0,0.0,0.0,0.0,0.0,0.0,0.0
3528,EE_ITT,RCY_REU,T,LI,92.0,48.0,53.0,54.0,44.0,59.0,33.0,36.0,0.0,0.0,0.0,0.0,0.0,0.0
3529,EE_ITT,RCY_REU,T,LT,0.0,1389.0,1491.0,1683.0,2291.0,2132.0,1194.0,967.0,812.0,595.0,794.0,881.0,770.0,32.0
3530,EE_ITT,RCY_REU,T,LU,0.0,589.0,597.0,571.0,538.0,610.0,611.0,741.0,688.0,612.0,596.0,654.0,469.0,0.0
3531,EE_ITT,RCY_REU,T,LV,696.0,660.0,449.0,454.0,488.0,439.0,452.0,430.0,473.0,436.0,593.0,567.0,0.0,0.0
3532,EE_ITT,RCY_REU,T,MT,0.0,325.0,365.0,435.0,428.0,483.0,227.0,542.0,42.0,0.0,0.0,0.0,0.0,0.0
3533,EE_ITT,RCY_REU,T,NL,23157.0,23157.0,22208.0,22947.0,23450.0,11967.0,14945.0,15257.0,17369.0,19098.0,18819.0,16666.0,14324.0,12227.0
3534,EE_ITT,RCY_REU,T,NO,10611.0,11447.0,12169.0,11734.0,11004.0,10795.0,11902.0,12960.0,13025.0,15521.0,15962.0,15461.0,14011.0,16894.0
3535,EE_ITT,RCY_REU,T,PL,0.0,20274.0,19897.0,13126.0,12418.0,11555.0,12467.0,12781.0,8630.0,11803.0,5782.0,5064.0,127.0,0.0
3536,EE_ITT,RCY_REU,T,PT,0.0,7271.0,7832.0,6705.0,8676.0,6365.0,6382.0,7859.0,6675.0,11117.0,10777.0,3107.0,1013.0,0.0
3537,EE_ITT,RCY_REU,T,RO,0.0,0.0,5008.0,4760.0,3994.0,3987.0,4092.0,4492.0,4957.0,6869.0,1267.0,98.0,0.0,0.0
3538,EE_ITT,RCY_REU,T,SE,18716.0,17835.0,22381.0,20181.0,20796.0,26320.0,26995.0,28692.0,26623.0,25991.0,25380.0,22562.0,23774.0,8915.0
3539,EE_ITT,RCY_REU,T,SI,0.0,1887.0,2411.0,1692.0,1339.0,241.0,1335.0,1444.0,2111.0,1441.0,0.0,0.0,0.0,0.0
3540,EE_ITT,RCY_REU,T,SK,0.0,3807.0,3521.0,2696.0,2505.0,2991.0,2618.0,2564.0,2875.0,2325.0,2189.0,1741.0,639.0,167.0
3541,EE_ITT,RCY_REU,T,UK,105790.0,108710.0,131699.0,131605.0,102097.0,0.0,0.0,0.0,0.0,118153.0,100302.0,41010.0,0.0,0.0
3568,EE_ITT,REU,T,AT,525.0,569.0,494.0,470.0,326.0,269.0,287.0,184.0,270.0,197.0,269.0,254.0,331.0,139.0
3569,EE_ITT,REU,T,BE,3497.0,0.0,0.0,1054.0,605.0,909.0,87.0,199.0,19.0,33.0,25.0,25.0,9.0,14.0
3570,EE_ITT,REU,T,BG,0.0,0.0,0.0,0.0,0.0,0.0,286.0,0.0,0.0,0.0,0.0,0.0,0.0,0.0
3571,EE_ITT,REU,T,CY,0.0,167.0,234.0,132.0,94.0,89.0,42.0,65.0,21.0,12.0,0.0,0.0,0.0,0.0
3572,EE_ITT,REU,T,DE,5756.0,8335.0,1642.0,920.0,9028.0,9004.0,9763.0,7399.0,5648.0,6534.0,4246.0,2904.0,5179.0,0.0
3573,EE_ITT,REU,T,DK,128.0,69.0,160.0,79.0,74.0,74.0,0.0,0.0,0.0,0.0,0.0,0.0,0.0,0.0
3574,EE_ITT,REU,T,EE,0.0,0.0,0.0,0.0,0.0,0.0,0.0,0.0,0.0,0.0,0.0,0.0,0.0,0.0
3575,EE_ITT,REU,T,EL,0.0,0.0,0.0,0.0,0.0,0.0,0.0,0.0,0.0,0.0,0.0,0.0,0.0,0.0
3576,EE_ITT,REU,T,ES,0.0,0.0,0.0,0.0,23.0,0.0,216.0,306.0,194.0,144.0,0.0,0.0,0.0,0.0
3577,EE_ITT,REU,T,FI,1511.0,2241.0,1280.0,502.0,80.0,474.0,62.0,35.0,25.0,46.0,129.0,177.0,282.0,13.0
3578,EE_ITT,REU,T,FR,3107.0,1807.0,3629.0,3311.0,3313.0,4414.0,5387.0,6978.0,6052.0,8221.0,2982.0,3562.0,2476.0,0.0
3579,EE_ITT,REU,T,HR,0.0,0.0,0.0,0.0,0.0,0.0,0.0,0.0,0.0,0.0,0.0,0.0,0.0,0.0
3580,EE_ITT,REU,T,HU,0.0,0.0,0.0,0.0,0.0,0.0,0.0,0.0,11.0,0.0,0.0,0.0,0.0,0.0
3581,EE_ITT,REU,T,IE,0.0,761.0,0.0,365.0,363.0,423.0,188.0,211.0,202.0,530.0,176.0,0.0,0.0,0.0
3582,EE_ITT,REU,T,IS,0.0,0.0,0.0,0.0,0.0,0.0,0.0,0.0,0.0,0.0,0.0,0.0,0.0,0.0
3583,EE_ITT,REU,T,LU,0.0,0.0,0.0,0.0,0.0,0.0,0.0,0.0,0.0,0.0,0.0,0.0,0.0,0.0
3584,EE_ITT,REU,T,LV,0.0,0.0,0.0,0.0,0.0,0.0,0.0,0.0,0.0,0.0,0.0,1.0,0.0,0.0
3585,EE_ITT,REU,T,MT,0.0,0.0,0.0,0.0,0.0,0.0,0.0,1.0,0.0,0.0,0.0,0.0,0.0,0.0
3586,EE_ITT,REU,T,NL,0.0,0.0,0.0,0.0,0.0,0.0,0.0,18.0,0.0,13.0,12.0,6.0,2.0,248.0
3587,EE_ITT,REU,T,NO,557.0,1120.0,1103.0,2001.0,1065.0,0.0,800.0,824.0,152.0,359.0,450.0,934.0,1682.0,1235.0
3588,EE_ITT,REU,T,PL,0.0,655.0,402.0,211.0,371.0,649.0,582.0,215.0,146.0,386.0,6.0,0.0,0.0,0.0
3589,EE_ITT,REU,T,PT,0.0,15.0,0.0,13.0,16.0,15.0,32.0,22.0,13.0,13.0,101.0,0.0,0.0,0.0
3590,EE_ITT,REU,T,SE,1.0,1.0,32.0,286.0,437.0,222.0,0.0,0.0,179.0,137.0,0.0,0.0,0.0,0.0
3591,EE_ITT,REU,T,SI,0.0,0.0,2.0,0.0,0.0,0.0,12.0,14.0,0.0,0.0,0.0,0.0,0.0,0.0
3592,EE_ITT,REU,T,SK,0.0,0.0,0.0,0.0,0.0,0.0,0.0,0.0,0.0,0.0,0.0,0.0,0.0,0.0
3593,EE_ITT,REU,T,UK,0.0,6005.0,12011.0,9376.0,10058.0,10401.0,21517.0,22860.0,19310.0,11832.0,9504.0,3584.0,0.0,0.0
3891,EE_LHA,COL,T,AT,69823.0,66587.0,36497.0,33172.0,31199.0,31400.0,31326.0,32027.0,32225.0,34559.0,34926.0,31102.0,32897.0,10969.0
3892,EE_LHA,COL,T,BE,62262.0,56187.0,56831.0,53767.0,50781.0,52112.0,50711.0,49526.0,47441.0,45702.0,39172.0,32856.0,31383.0,29373.0
3893,EE_LHA,COL,T,BG,0.0,40113.0,45159.0,43006.0,30286.0,26341.0,28043.0,29982.0,32833.0,24010.0,31589.0,16499.0,0.0,0.0
3894,EE_LHA,COL,T,CY,0.0,3378.0,1637.0,2016.0,1222.0,1124.0,1403.0,1443.0,1826.0,1884.0,1956.0,2261.0,3450.0,3020.0
3895,EE_LHA,COL,T,CZ,48623.0,47137.0,46625.0,36581.0,27828.0,25925.0,24303.0,25618.0,22726.0,28190.0,21644.0,16723.0,0.0,0.0
3896,EE_LHA,COL,T,DE,357949.0,360252.0,323011.0,289161.0,239662.0,274093.0,235666.0,238445.0,249149.0,287141.0,260269.0,232277.0,462066.0,0.0
3897,EE_LHA,COL,T,DK,36806.0,38624.0,38391.0,33964.0,32890.0,32342.0,32121.0,36516.0,35404.0,37157.0,35579.0,51933.0,31462.0,0.0
3898,EE_LHA,COL,T,EE,5099.0,4681.0,4630.0,3407.0,2756.0,1584.0,1797.0,2428.0,2380.0,1870.0,2951.0,3382.0,3446.0,0.0
3899,EE_LHA,COL,T,EL,39239.0,36220.0,34832.0,30615.0,27317.0,21722.0,20018.0,25816.0,29102.0,48737.0,34457.0,24939.0,8711.0,132.0
3900,EE_LHA,COL,T,ES,204925.0,184280.0,151485.0,139236.0,101827.0,127972.0,90594.0,90047.0,92626.0,86449.0,251403.0,238440.0,150361.0,0.0
3901,EE_LHA,COL,T,EU27_2020,0.0,1945028.0,1817315.0,1636138.0,1377939.0,1362931.0,1254070.0,1267720.0,0.0,0.0,0.0,0.0,0.0,0.0
3902,EE_LHA,COL,T,EU28,0.0,2556523.0,2489921.0,2003480.0,1674459.0,1625118.0,1494957.0,1513366.0,0.0,0.0,0.0,0.0,0.0,0.0
3903,EE_LHA,COL,T,FI,36767.0,34439.0,32505.0,31534.0,33917.0,28862.0,26803.0,26394.0,27698.0,25805.0,26643.0,24580.0,21548.0,9352.0
3904,EE_LHA,COL,T,FR,475365.0,445331.0,418499.0,361724.0,292730.0,264468.0,256560.0,246602.0,241137.0,228469.0,173570.0,103865.0,3897.0,0.0
3905,EE_LHA,COL,T,HR,20881.0,18312.0,19768.0,10757.0,5275.0,6228.0,6620.0,7797.0,0.0,0.0,0.0,0.0,0.0,0.0
3906,EE_LHA,COL,T,HU,0.0,34056.0,31885.0,28644.0,28682.0,26004.0,23688.0,21671.0,21337.0,28593.0,28322.0,23114.0,13573.0,10868.0
3907,EE_LHA,COL,T,IE,39391.0,30941.0,29810.0,26293.0,23797.0,19463.0,22348.0,22619.0,25263.0,26290.0,25440.0,25293.0,0.0,0.0
3908,EE_LHA,COL,T,IS,0.0,2685.0,1887.0,1642.0,1696.0,1321.0,1250.0,1054.0,747.0,401.0,0.0,0.0,0.0,0.0
3909,EE_LHA,COL,T,IT,0.0,0.0,0.0,168598.0,142666.0,123070.0,117004.0,131272.0,144554.0,130554.0,106386.0,112689.0,57553.0,54463.0
3910,EE_LHA,COL,T,LI,183.0,166.0,181.0,158.0,75.0,71.0,17.0,20.0,24.0,9.0,6.0,6.0,0.0,0.0
3911,EE_LHA,COL,T,LT,0.0,6244.0,6390.0,9243.0,12429.0,8119.0,7927.0,6529.0,5055.0,3723.0,6187.0,6038.0,4925.0,552.0
3912,EE_LHA,COL,T,LU,0.0,3077.0,3017.0,2816.0,2586.0,2364.0,2073.0,2070.0,2052.0,2064.0,1705.0,1741.0,1899.0,0.0
3913,EE_LHA,COL,T,LV,5403.0,5160.0,2508.0,2482.0,2490.0,2364.0,2150.0,2029.0,2025.0,2097.0,2990.0,3083.0,0.0,0.0
3914,EE_LHA,COL,T,MT,0.0,1487.0,1225.0,945.0,971.0,1005.0,859.0,916.0,810.0,692.0,97.0,85.0,34.0,41.0
3915,EE_LHA,COL,T,NL,94961.0,87502.0,76274.0,67226.0,64496.0,58517.0,59590.0,62691.0,63951.0,47811.0,38946.0,38540.0,40078.0,42332.0
3916,EE_LHA,COL,T,NO,44877.0,44962.0,47743.0,49988.0,49402.0,45400.0,43795.0,46571.0,44031.0,45347.0,46933.0,46613.0,43649.0,43645.0
3917,EE_LHA,COL,T,PL,0.0,114670.0,115738.0,111232.0,81082.0,76518.0,82246.0,64748.0,54228.0,51510.0,17682.0,7535.0,2746.0,0.0
3918,EE_LHA,COL,T,PT,0.0,41301.0,40614.0,37078.0,33154.0,30851.0,25268.0,36954.0,28772.0,22125.0,21737.0,19675.0,2340.0,24.0
3919,EE_LHA,COL,T,RO,0.0,0.0,29592.0,24122.0,20465.0,20316.0,11399.0,9987.0,14120.0,21386.0,8924.0,1626.0,518.0,0.0
3920,EE_LHA,COL,T,SE,67733.0,71746.0,81510.0,72092.0,71306.0,84744.0,78084.0,77199.0,75341.0,69240.0,70229.0,76723.0,59488.0,22308.0
3921,EE_LHA,COL,T,SI,0.0,5757.0,5190.0,4658.0,4535.0,4124.0,4097.0,3934.0,3895.0,4220.0,3660.0,3251.0,0.0,0.0
3922,EE_LHA,COL,T,SK,0.0,15234.0,15093.0,11768.0,11590.0,11299.0,11372.0,12458.0,12325.0,14573.0,12458.0,9213.0,4881.0,1863.0
3923,EE_LHA,COL,T,UK,582921.0,611495.0,672606.0,367342.0,296520.0,262186.0,240887.0,245646.0,244646.0,253905.0,256556.0,117387.0,0.0,0.0
4087,EE_LHA,MKT,T,AT,119242.0,109191.0,106731.0,95424.0,81532.0,79163.0,77144.0,76680.0,76944.0,75006.0,79411.0,77671.0,74610.0,28411.0
4088,EE_LHA,MKT,T,BE,137190.0,134272.0,128052.0,132673.0,125605.0,125835.0,105996.0,110819.0,108938.0,103839.0,96241.0,83439.0,77989.0,74557.0
4089,EE_LHA,MKT,T,BG,0.0,54198.0,51594.0,47724.0,46091.0,40732.0,38652.0,36607.0,36381.0,41097.0,2856.0,6934.0,0.0,0.0
4090,EE_LHA,MKT,T,CY,0.0,7998.0,3337.0,6683.0,5764.0,6506.0,8337.0,10206.0,13517.0,12683.0,12765.0,12783.0,11345.0,16666.0
4091,EE_LHA,MKT,T,CZ,93007.0,96072.0,86064.0,82763.0,75274.0,71858.0,70125.0,75741.0,71179.0,71553.0,80488.0,75656.0,0.0,0.0
4092,EE_LHA,MKT,T,DE,939076.0,850418.0,848913.0,816664.0,784631.0,762654.0,736394.0,745314.0,714141.0,618031.0,673297.0,637846.0,723547.0,0.0
4093,EE_LHA,MKT,T,DK,87744.0,82925.0,78192.0,76142.0,68381.0,66825.0,65075.0,63729.0,67055.0,70829.0,76108.0,110357.0,87973.0,0.0
4094,EE_LHA,MKT,T,EE,11895.0,10080.0,9743.0,9299.0,8978.0,8079.0,8594.0,7997.0,7617.0,6271.0,9416.0,9976.0,10078.0,0.0
4095,EE_LHA,MKT,T,EL,90705.0,86177.0,83474.0,79989.0,85008.0,79127.0,84718.0,94640.0,109280.0,132190.0,138716.0,141637.0,117584.0,100614.0
4096,EE_LHA,MKT,T,ES,448842.0,431577.0,405796.0,386235.0,344571.0,323637.0,349428.0,394912.0,435827.0,400868.0,448810.0,564993.0,327083.0,0.0
4097,EE_LHA,MKT,T,EU27_2020,0.0,4644829.0,4405783.0,4214674.0,3982928.0,3896815.0,3858652.0,3836829.0,0.0,0.0,0.0,0.0,0.0,0.0
4098,EE_LHA,MKT,T,EU28,0.0,5490704.0,5281986.0,5039548.0,4763158.0,4636061.0,4559847.0,4520903.0,0.0,0.0,0.0,0.0,0.0,0.0
4099,EE_LHA,MKT,T,FI,73557.0,68583.0,68104.0,64717.0,65901.0,71434.0,71462.0,72174.0,74478.0,69365.0,68550.0,67695.0,62364.0,22921.0
4100,EE_LHA,MKT,T,FR,1053719.0,1030965.0,954341.0,935360.0,907434.0,908067.0,927351.0,920291.0,874857.0,841703.0,870095.0,837680.0,780645.0,0.0
4101,EE_LHA,MKT,T,HR,38518.0,34163.0,30057.0,28113.0,22302.0,23796.0,22365.0,24175.0,0.0,0.0,0.0,0.0,0.0,0.0
4102,EE_LHA,MKT,T,HU,0.0,74031.0,68318.0,57766.0,50562.0,41695.0,41242.0,52075.0,52012.0,54369.0,70514.0,71931.0,73952.0,62430.0
4103,EE_LHA,MKT,T,IE,55438.0,53839.0,49100.0,44252.0,40850.0,36931.0,37814.0,40172.0,40216.0,43613.0,51367.0,60446.0,0.0,0.0
4104,EE_LHA,MKT,T,IS,0.0,7590.0,1887.0,5548.0,4027.0,3457.0,3154.0,3305.0,2838.0,2434.0,0.0,0.0,0.0,0.0
4105,EE_LHA,MKT,T,IT,0.0,0.0,0.0,513305.0,481064.0,482864.0,479082.0,541625.0,651747.0,528140.0,641547.0,627916.0,0.0,0.0
4106,EE_LHA,MKT,T,LI,183.0,166.0,181.0,158.0,75.0,71.0,17.0,20.0,0.0,0.0,0.0,0.0,0.0,0.0
4107,EE_LHA,MKT,T,LT,0.0,18885.0,17820.0,17118.0,18735.0,15675.0,16176.0,14204.0,14103.0,13684.0,23429.0,26375.0,29392.0,28178.0
4108,EE_LHA,MKT,T,LU,0.0,5586.0,4983.0,5139.0,5057.0,4602.0,4776.0,4692.0,4920.0,4666.0,4155.0,5134.0,3862.0,3051.0
4109,EE_LHA,MKT,T,LV,13447.0,12611.0,9821.0,9748.0,9770.0,9451.0,8596.0,8137.0,7654.0,7806.0,13738.0,18036.0,0.0,0.0
4110,EE_LHA,MKT,T,MT,0.0,6201.0,5870.0,6847.0,7319.0,6681.0,6093.0,5845.0,5563.0,5808.0,5937.0,5543.0,6395.0,5712.0
4111,EE_LHA,MKT,T,NL,211658.0,187602.0,180703.0,166691.0,162060.0,164344.0,171703.0,0.0,0.0,0.0,0.0,0.0,0.0,0.0
4112,EE_LHA,MKT,T,NO,72234.0,70555.0,73286.0,66767.0,66419.0,74150.0,70233.0,66971.0,65660.0,62505.0,71695.0,71696.0,71840.0,87140.0
4113,EE_LHA,MKT,T,PL,0.0,306291.0,294149.0,271906.0,265840.0,247135.0,242073.0,245733.0,242596.0,219270.0,264731.0,274192.0,427306.0,0.0
4114,EE_LHA,MKT,T,PT,0.0,95457.0,90080.0,84058.0,75381.0,75381.0,69817.0,76017.0,100338.0,94046.0,90027.0,100693.0,66306.0,96595.0
4115,EE_LHA,MKT,T,RO,0.0,0.0,129549.0,103475.0,84995.0,81811.0,74756.0,69456.0,74329.0,68266.0,161965.0,99876.0,72016.0,0.0
4116,EE_LHA,MKT,T,SE,137111.0,145707.0,134111.0,124852.0,113309.0,120533.0,97805.0,104004.0,101839.0,97095.0,99957.0,83792.0,101581.0,38093.0
4117,EE_LHA,MKT,T,SI,0.0,21012.0,20214.0,18875.0,18210.0,17602.0,16870.0,16618.0,14921.0,15498.0,17570.0,18444.0,15180.0,0.0
4118,EE_LHA,MKT,T,SK,0.0,35253.0,33362.0,28857.0,28304.0,24396.0,26209.0,24656.0,25204.0,23381.0,32946.0,31016.0,27004.0,24054.0
4119,EE_LHA,MKT,T,UK,814659.0,845875.0,876203.0,824873.0,780230.0,739247.0,701195.0,684074.0,699045.0,684854.0,696116.0,407191.0,0.0,0.0
4186,EE_LHA,RCV,T,AT,64022.0,61225.0,33298.0,30255.0,29116.0,27916.0,27715.0,28385.0,28426.0,30261.0,30579.0,27304.0,28637.0,9119.0
4187,EE_LHA,RCV,T,BE,55057.0,50000.0,50844.0,48976.0,44838.0,46361.0,44850.0,43835.0,42578.0,40429.0,33094.0,28422.0,28158.0,26449.0
4188,EE_LHA,RCV,T,BG,0.0,35428.0,36874.0,38621.0,26880.0,22562.0,24545.0,25835.0,26236.0,20142.0,20584.0,11649.0,0.0,0.0
4189,EE_LHA,RCV,T,CY,0.0,2626.0,1456.0,1821.0,1087.0,931.0,1109.0,1154.0,1407.0,1507.0,0.0,0.0,0.0,0.0
4190,EE_LHA,RCV,T,CZ,41108.0,42712.0,44415.0,31876.0,23884.0,24379.0,20284.0,24993.0,23704.0,23713.0,19392.0,13208.0,0.0,0.0
4191,EE_LHA,RCV,T,DE,347429.0,349288.0,309900.0,257525.0,228302.0,259862.0,223476.0,225634.0,235184.0,268487.0,242491.0,217591.0,417507.0,0.0
4192,EE_LHA,RCV,T,DK,33694.0,34951.0,35724.0,29942.0,27138.0,29109.0,29081.0,38703.0,29975.0,30691.0,37638.0,44297.0,28250.0,0.0
4193,EE_LHA,RCV,T,EE,4955.0,4544.0,4301.0,3083.0,2529.0,1465.0,1701.0,2328.0,2215.0,1708.0,2690.0,2798.0,0.0,0.0
4194,EE_LHA,RCV,T,EL,34699.0,30946.0,31918.0,26074.0,21962.0,18792.0,18286.0,23304.0,28559.0,40756.0,28592.0,19104.0,7437.0,85.0
4195,EE_LHA,RCV,T,ES,198734.0,162492.0,136903.0,112864.0,82283.0,117151.0,81176.0,72938.0,66418.0,64980.0,243357.0,224399.0,114943.0,0.0
4196,EE_LHA,RCV,T,EU27_2020,0.0,1792923.0,1668377.0,1441058.0,1238195.0,0.0,0.0,0.0,0.0,0.0,0.0,0.0,0.0,0.0
4197,EE_LHA,RCV,T,EU28,0.0,2342515.0,2253738.0,1752105.0,1500021.0,0.0,0.0,0.0,0.0,0.0,0.0,0.0,0.0,0.0
4198,EE_LHA,RCV,T,FI,34568.0,32423.0,30644.0,30197.0,30265.0,26579.0,24492.0,24428.0,25651.0,24395.0,23614.0,22332.0,19557.0,8298.0
4199,EE_LHA,RCV,T,FR,430112.0,405258.0,382019.0,325435.0,266889.0,232079.0,214654.0,210297.0,201006.0,182231.0,144292.0,86932.0,0.0,0.0
4200,EE_LHA,RCV,T,HR,20952.0,18306.0,19777.0,10684.0,5227.0,6214.0,5755.0,0.0,0.0,0.0,0.0,0.0,0.0,0.0
4201,EE_LHA,RCV,T,HU,0.0,29365.0,27768.0,25096.0,24503.0,21909.0,19202.0,19032.0,18325.0,24332.0,24218.0,18909.0,11481.0,9024.0
4202,EE_LHA,RCV,T,IE,35404.0,27717.0,28920.0,24430.0,19804.0,16411.0,18249.0,18616.0,20449.0,21827.0,20752.0,19970.0,0.0,0.0
4203,EE_LHA,RCV,T,IS,0.0,2537.0,1752.0,1410.0,2009.0,1088.0,1190.0,853.0,681.0,333.0,0.0,0.0,0.0,0.0
4204,EE_LHA,RCV,T,IT,0.0,0.0,0.0,157570.0,127781.0,0.0,0.0,0.0,0.0,0.0,0.0,0.0,0.0,0.0
4205,EE_LHA,RCV,T,LI,134.0,121.0,132.0,115.0,56.0,53.0,13.0,15.0,24.0,9.0,6.0,6.0,0.0,0.0
4206,EE_LHA,RCV,T,LT,0.0,5614.0,5732.0,8162.0,10424.0,6499.0,6284.0,5115.0,3910.0,3166.0,4850.0,4499.0,3824.0,386.0
4207,EE_LHA,RCV,T,LU,0.0,2988.0,2925.0,2698.0,2499.0,2262.0,2005.0,2007.0,1984.0,1936.0,1524.0,1612.0,1775.0,0.0
4208,EE_LHA,RCV,T,LV,4285.0,4378.0,2258.0,2110.0,2225.0,2109.0,1827.0,1725.0,1723.0,1813.0,2229.0,2258.0,0.0,0.0
4209,EE_LHA,RCV,T,MT,0.0,1122.0,970.0,324.0,946.0,678.0,350.0,834.0,77.0,0.0,0.0,0.0,0.0,0.0
4210,EE_LHA,RCV,T,NL,83263.0,82771.0,73123.0,64260.0,62493.0,56722.0,56874.0,59903.0,59849.0,42320.0,34673.0,34045.0,34939.0,36506.0
4211,EE_LHA,RCV,T,NO,43656.0,42825.0,45937.0,48583.0,47302.0,42783.0,40950.0,44176.0,41583.0,38904.0,40135.0,39414.0,37942.0,51964.0
4212,EE_LHA,RCV,T,PL,0.0,106467.0,97616.0,78923.0,69849.0,72897.0,73345.0,70630.0,47435.0,43155.0,7844.0,4015.0,504.0,0.0
4213,EE_LHA,RCV,T,PT,0.0,37595.0,37037.0,33691.0,29055.0,29560.0,21391.0,30390.0,23947.0,18256.0,17644.0,18089.0,2160.0,24.0
4214,EE_LHA,RCV,T,RO,0.0,0.0,24838.0,16983.0,18943.0,18845.0,10181.0,9116.0,13119.0,19099.0,3540.0,344.0,28.0,0.0
4215,EE_LHA,RCV,T,SE,61207.0,64722.0,72952.0,64539.0,63997.0,75365.0,70630.0,69451.0,68414.0,62595.0,64143.0,70883.0,54697.0,20511.0
4216,EE_LHA,RCV,T,SI,0.0,5606.0,4790.0,4379.0,4463.0,2893.0,3468.0,3382.0,3378.0,3582.0,0.0,0.0,0.0,0.0
4217,EE_LHA,RCV,T,SK,0.0,13756.0,13806.0,10541.0,10814.0,10593.0,10258.0,11083.0,10993.0,11544.0,10856.0,7700.0,4414.0,1658.0
4218,EE_LHA,RCV,T,UK,524629.0,549592.0,585360.0,311046.0,261826.0,0.0,0.0,0.0,0.0,200466.0,198104.0,94148.0,0.0,0.0
4285,EE_LHA,RCY_REU,T,AT,57351.0,55621.0,31058.0,28355.0,26270.0,25906.0,25584.0,26753.0,26220.0,27916.0,28984.0,25733.0,27533.0,8617.0
4286,EE_LHA,RCY_REU,T,BE,48273.0,44109.0,43764.0,43798.0,40506.0,42637.0,40859.0,39762.0,38782.0,37020.0,30444.0,26357.0,26330.0,24346.0
4287,EE_LHA,RCY_REU,T,BG,0.0,33418.0,35980.0,37938.0,26391.0,22361.0,24317.0,25584.0,25899.0,19349.0,20584.0,11639.0,0.0,0.0
4288,EE_LHA,RCY_REU,T,CY,0.0,2626.0,1456.0,1821.0,1087.0,931.0,1109.0,1154.0,1407.0,1507.0,0.0,0.0,0.0,0.0
4289,EE_LHA,RCY_REU,T,CZ,40087.0,41650.0,43851.0,31441.0,23580.0,23689.0,19698.0,23638.0,21601.0,22012.0,19193.0,13190.0,0.0,0.0
4290,EE_LHA,RCY_REU,T,DE,304979.0,310718.0,279026.0,227237.0,202972.0,231137.0,199970.0,203917.0,209060.0,244546.0,220879.0,197515.0,385725.0,0.0
4291,EE_LHA,RCY_REU,T,DK,29114.0,30955.0,31112.0,26348.0,24081.0,26239.0,25261.0,34127.0,27580.0,28877.0,33279.0,41982.0,25835.0,0.0
4292,EE_LHA,RCY_REU,T,EE,4392.0,3986.0,3978.0,2950.0,2327.0,1341.0,1528.0,2322.0,2103.0,1621.0,2690.0,2798.0,0.0,0.0
4293,EE_LHA,RCY_REU,T,EL,32272.0,29618.0,28685.0,26074.0,21962.0,18792.0,18286.0,23304.0,28559.0,40756.0,28592.0,19104.0,7437.0,85.0
4294,EE_LHA,RCY_REU,T,ES,178385.0,150498.0,128529.0,102711.0,78208.0,102383.0,72570.0,68436.0,63514.0,57971.0,203636.0,188368.0,103744.0,0.0
4295,EE_LHA,RCY_REU,T,EU27_2020,0.0,1647433.0,1531544.0,1324015.0,1139173.0,0.0,0.0,0.0,0.0,0.0,0.0,0.0,0.0,0.0
4296,EE_LHA,RCY_REU,T,EU28,0.0,2142670.0,2076993.0,1616764.0,1376077.0,0.0,0.0,0.0,0.0,0.0,0.0,0.0,0.0,0.0
4297,EE_LHA,RCY_REU,T,FI,32000.0,30050.0,28258.0,28808.0,28867.0,25882.0,23860.0,23653.0,24504.0,22715.0,22378.0,21129.0,18136.0,8241.0
4298,EE_LHA,RCY_REU,T,FR,382550.0,365612.0,338372.0,291691.0,234725.0,207780.0,196485.0,192764.0,187892.0,168697.0,135085.0,79420.0,0.0,0.0
4299,EE_LHA,RCY_REU,T,HR,20952.0,18306.0,19777.0,10684.0,5128.0,6072.0,5549.0,0.0,0.0,0.0,0.0,0.0,0.0,0.0
4300,EE_LHA,RCY_REU,T,HU,0.0,29347.0,27738.0,24240.0,24208.0,21883.0,19156.0,18878.0,18325.0,23976.0,23786.0,18751.0,11467.0,9012.0
4301,EE_LHA,RCY_REU,T,IE,33228.0,26275.0,25061.0,21850.0,19666.0,16047.0,17942.0,18451.0,20124.0,21674.0,20752.0,19970.0,0.0,0.0
4302,EE_LHA,RCY_REU,T,IS,0.0,2537.0,1752.0,1410.0,1846.0,1005.0,1020.0,713.0,565.0,292.0,0.0,0.0,0.0,0.0
4303,EE_LHA,RCY_REU,T,IT,0.0,0.0,0.0,150794.0,122091.0,0.0,0.0,0.0,0.0,0.0,0.0,0.0,0.0,0.0
4304,EE_LHA,RCY_REU,T,LI,134.0,121.0,132.0,115.0,56.0,53.0,13.0,15.0,24.0,9.0,6.0,6.0,0.0,0.0
4305,EE_LHA,RCY_REU,T,LT,0.0,5258.0,5419.0,7589.0,9614.0,6089.0,5609.0,4806.0,3635.0,2810.0,4150.0,4060.0,3512.0,47.0
4306,EE_LHA,RCY_REU,T,LU,0.0,2805.0,2760.0,2525.0,2360.0,2157.0,1881.0,1898.0,1906.0,1880.0,1476.0,1572.0,1746.0,0.0
4307,EE_LHA,RCY_REU,T,LV,4285.0,4378.0,2258.0,2110.0,2225.0,2109.0,1827.0,1725.0,1723.0,1813.0,2229.0,2258.0,0.0,0.0
4308,EE_LHA,RCY_REU,T,MT,0.0,1122.0,970.0,324.0,911.0,655.0,350.0,834.0,77.0,0.0,0.0,0.0,0.0,0.0
4309,EE_LHA,RCY_REU,T,NL,72664.0,72664.0,63310.0,56607.0,54226.0,49541.0,49288.0,52800.0,50294.0,37191.0,31517.0,29868.0,31022.0,32792.0
4310,EE_LHA,RCY_REU,T,NO,38139.0,40631.0,40439.0,42233.0,40205.0,36059.0,34241.0,38554.0,36821.0,35927.0,38481.0,37620.0,36841.0,44422.0
4311,EE_LHA,RCY_REU,T,PL,0.0,105859.0,97265.0,78182.0,69165.0,72381.0,72919.0,70256.0,47150.0,42494.0,7681.0,3503.0,102.0,0.0
4312,EE_LHA,RCY_REU,T,PT,0.0,33426.0,33301.0,28746.0,25262.0,26167.0,21065.0,28260.0,23107.0,17615.0,17378.0,17854.0,2160.0,24.0
4313,EE_LHA,RCY_REU,T,RO,0.0,0.0,21592.0,15624.0,18203.0,18084.0,9859.0,8775.0,12624.0,18267.0,3181.0,267.0,0.0,0.0
4314,EE_LHA,RCY_REU,T,SE,57435.0,60893.0,68923.0,60845.0,60318.0,70983.0,67266.0,65958.0,64873.0,59270.0,60597.0,66979.0,54702.0,20513.0
4315,EE_LHA,RCY_REU,T,SI,0.0,5166.0,4639.0,4321.0,4108.0,2825.0,3245.0,3132.0,3194.0,3112.0,0.0,0.0,0.0,0.0
4316,EE_LHA,RCY_REU,T,SK,0.0,13707.0,13669.0,10402.0,10714.0,10478.0,10141.0,11056.0,10946.0,11508.0,10779.0,7639.0,4333.0,1655.0
4317,EE_LHA,RCY_REU,T,UK,501312.0,495237.0,545449.0,292749.0,236904.0,0.0,0.0,0.0,0.0,197557.0,194043.0,92978.0,0.0,0.0
4345,EE_LHA,REU,T,AT,8415.0,8277.0,561.0,616.0,511.0,656.0,520.0,432.0,726.0,530.0,620.0,160.0,156.0,7.0
4346,EE_LHA,REU,T,BE,1855.0,0.0,0.0,1352.0,1724.0,1599.0,1398.0,1629.0,2436.0,990.0,863.0,945.0,938.0,822.0
4347,EE_LHA,REU,T,BG,0.0,0.0,0.0,0.0,0.0,141.0,0.0,35.0,0.0,0.0,0.0,0.0,0.0,0.0
4348,EE_LHA,REU,T,CY,0.0,10.0,13.0,9.0,4.0,2.0,0.0,0.0,0.0,0.0,0.0,0.0,0.0,0.0
4349,EE_LHA,REU,T,DE,3243.0,2099.0,1916.0,1251.0,883.0,879.0,1036.0,1713.0,1309.0,1367.0,1725.0,1016.0,3141.0,0.0
4350,EE_LHA,REU,T,DK,414.0,105.0,35.0,4.0,33.0,33.0,0.0,0.0,0.0,0.0,0.0,0.0,0.0,0.0
4351,EE_LHA,REU,T,EE,0.0,0.0,0.0,0.0,0.0,0.0,0.0,0.0,0.0,0.0,0.0,0.0,0.0,0.0
4352,EE_LHA,REU,T,EL,0.0,0.0,0.0,0.0,0.0,0.0,0.0,0.0,0.0,0.0,0.0,0.0,0.0,0.0
4353,EE_LHA,REU,T,ES,0.0,0.0,0.0,0.0,53.0,0.0,31.0,725.0,584.0,568.0,0.0,0.0,0.0,0.0
4354,EE_LHA,REU,T,FI,217.0,216.0,157.0,224.0,291.0,265.0,286.0,147.0,87.0,91.0,132.0,90.0,36.0,1.0
4355,EE_LHA,REU,T,FR,4000.0,3815.0,4398.0,3213.0,3837.0,3237.0,2999.0,5305.0,4497.0,4638.0,3876.0,3642.0,443.0,0.0
4356,EE_LHA,REU,T,HR,0.0,0.0,0.0,0.0,0.0,0.0,0.0,0.0,0.0,0.0,0.0,0.0,0.0,0.0
4357,EE_LHA,REU,T,HU,0.0,0.0,0.0,0.0,0.0,0.0,0.0,0.0,41.0,0.0,0.0,0.0,0.0,0.0
4358,EE_LHA,REU,T,IE,0.0,92.0,0.0,199.0,26.0,110.0,80.0,193.0,60.0,21.0,37.0,0.0,0.0,0.0
4359,EE_LHA,REU,T,IS,0.0,0.0,0.0,0.0,0.0,0.0,0.0,0.0,3.0,0.0,0.0,0.0,0.0,0.0
4360,EE_LHA,REU,T,LI,0.0,0.0,0.0,0.0,0.0,0.0,0.0,0.0,0.0,0.0,0.0,0.0,0.0,0.0
4361,EE_LHA,REU,T,LU,0.0,0.0,0.0,0.0,0.0,0.0,0.0,0.0,0.0,0.0,0.0,0.0,0.0,0.0
4362,EE_LHA,REU,T,LV,0.0,0.0,0.0,0.0,0.0,0.0,0.0,0.0,0.0,0.0,0.0,0.0,0.0,0.0
4363,EE_LHA,REU,T,MT,0.0,0.0,0.0,0.0,0.0,0.0,0.0,0.0,0.0,0.0,0.0,0.0,0.0,0.0
4364,EE_LHA,REU,T,NL,0.0,0.0,0.0,0.0,0.0,3.0,0.0,0.0,0.0,0.0,36.0,86.0,44.0,0.0
4365,EE_LHA,REU,T,NO,595.0,447.0,404.0,253.0,0.0,0.0,0.0,543.0,311.0,263.0,0.0,23.0,0.0,0.0
4366,EE_LHA,REU,T,PL,0.0,213.0,78.0,69.0,163.0,115.0,20.0,45.0,156.0,85.0,1.0,2.0,0.0,0.0
4367,EE_LHA,REU,T,PT,0.0,163.0,0.0,0.0,0.0,0.0,0.0,0.0,0.0,0.0,49.0,7.0,0.0,0.0
4368,EE_LHA,REU,T,SE,0.0,1.0,0.0,0.0,0.0,0.0,0.0,0.0,14.0,0.0,0.0,0.0,0.0,0.0
4369,EE_LHA,REU,T,SI,0.0,0.0,0.0,0.0,0.0,0.0,3.0,0.0,0.0,0.0,0.0,0.0,0.0,0.0
4370,EE_LHA,REU,T,SK,0.0,0.0,0.0,0.0,0.0,0.0,0.0,0.0,0.0,0.0,0.0,0.0,0.0,0.0
4371,EE_LHA,REU,T,UK,0.0,7548.0,7424.0,7876.0,11148.0,13814.0,18009.0,21806.0,16463.0,12625.0,9621.0,3558.0,0.0,0.0
7750,EE_SHA,COL,T,AT,9636.0,9562.0,8688.0,8545.0,8415.0,7679.0,7431.0,6691.0,6170.0,5823.0,5940.0,4548.0,4179.0,1046.0
7751,EE_SHA,COL,T,BE,15427.0,14234.0,15199.0,13075.0,13028.0,15576.0,11792.0,10931.0,9749.0,10187.0,9137.0,12288.0,11700.0,10131.0
7752,EE_SHA,COL,T,BG,0.0,5002.0,4934.0,5920.0,3790.0,1677.0,2423.0,3280.0,3118.0,4508.0,3929.0,1654.0,0.0,0.0
7753,EE_SHA,COL,T,CY,0.0,225.0,169.0,127.0,124.0,279.0,132.0,159.0,186.0,101.0,70.0,63.0,100.0,100.0
7754,EE_SHA,COL,T,CZ,7805.0,8591.0,9716.0,7514.0,6235.0,4112.0,2994.0,2944.0,4210.0,2947.0,1186.0,463.0,0.0,0.0
7755,EE_SHA,COL,T,DE,168274.0,144767.0,140177.0,124289.0,126943.0,91677.0,77149.0,75676.0,72364.0,131732.0,82791.0,52472.0,42827.0,0.0
7756,EE_SHA,COL,T,DK,7216.0,5776.0,5536.0,5399.0,5405.0,5053.0,5019.0,4474.0,3561.0,6030.0,5150.0,5241.0,1389.0,0.0
7757,EE_SHA,COL,T,EE,950.0,712.0,477.0,434.0,346.0,321.0,346.0,521.0,416.0,257.0,207.0,92.0,68.0,0.0
7758,EE_SHA,COL,T,EL,2527.0,3090.0,3650.0,3497.0,3246.0,2961.0,2638.0,1946.0,1592.0,1520.0,889.0,260.0,327.0,94.0
7759,EE_SHA,COL,T,ES,24653.0,26093.0,23163.0,23183.0,14263.0,9636.0,7050.0,7897.0,4572.0,4992.0,3611.0,2528.0,688.0,0.0
7760,EE_SHA,COL,T,EU27_2020,0.0,382646.0,352202.0,320989.0,298074.0,227930.0,199226.0,196573.0,0.0,0.0,0.0,0.0,0.0,0.0
7761,EE_SHA,COL,T,EU28,0.0,435583.0,408167.0,377343.0,332844.0,261353.0,231658.0,227385.0,0.0,0.0,0.0,0.0,0.0,0.0
7762,EE_SHA,COL,T,FI,2880.0,2770.0,2298.0,2400.0,2680.0,3453.0,1912.0,1717.0,1320.0,2010.0,1745.0,1526.0,1418.0,560.0
7763,EE_SHA,COL,T,FR,52014.0,43736.0,40337.0,36830.0,34478.0,29682.0,27021.0,25744.0,22499.0,19917.0,14020.0,6769.0,148.0,0.0
7764,EE_SHA,COL,T,HR,515.0,660.0,759.0,368.0,317.0,267.0,373.0,336.0,0.0,0.0,0.0,0.0,0.0,0.0
7765,EE_SHA,COL,T,HU,0.0,5803.0,5601.0,5637.0,5633.0,5691.0,4357.0,2968.0,2742.0,3186.0,3198.0,2283.0,1291.0,599.0
7766,EE_SHA,COL,T,IE,2231.0,2947.0,2242.0,2260.0,1920.0,1883.0,2204.0,2265.0,3152.0,2750.0,2368.0,2079.0,0.0,0.0
7767,EE_SHA,COL,T,IS,0.0,260.0,176.0,150.0,354.0,186.0,82.0,32.0,68.0,44.0,0.0,0.0,0.0,0.0
7768,EE_SHA,COL,T,IT,0.0,0.0,0.0,29093.0,20983.0,6834.0,7379.0,8448.0,6408.0,4253.0,3577.0,1952.0,0.0,0.0
7769,EE_SHA,COL,T,LI,152.0,154.0,181.0,121.0,117.0,76.0,39.0,45.0,36.0,50.0,42.0,44.0,0.0,0.0
7770,EE_SHA,COL,T,LT,0.0,849.0,939.0,1229.0,1422.0,1318.0,880.0,625.0,579.0,486.0,882.0,862.0,350.0,20.0
7771,EE_SHA,COL,T,LU,0.0,470.0,477.0,445.0,412.0,466.0,456.0,476.0,451.0,411.0,376.0,357.0,306.0,0.0
7772,EE_SHA,COL,T,LV,1048.0,895.0,392.0,408.0,400.0,448.0,356.0,343.0,299.0,282.0,448.0,401.0,0.0,0.0
7773,EE_SHA,COL,T,MT,0.0,86.0,93.0,38.0,8.0,27.0,6.0,8.0,323.0,235.0,10.0,12.0,1.0,1.0
7774,EE_SHA,COL,T,NL,22369.0,18666.0,13352.0,12968.0,10219.0,7362.0,7067.0,8601.0,7048.0,5634.0,9340.0,9584.0,9027.0,8654.0
7775,EE_SHA,COL,T,NO,6460.0,5959.0,6093.0,5685.0,5570.0,5435.0,5141.0,4564.0,7592.0,9716.0,4870.0,4532.0,5860.0,3217.0
7776,EE_SHA,COL,T,PL,0.0,26120.0,23987.0,19589.0,19495.0,16614.0,16946.0,13699.0,8745.0,9083.0,2226.0,1118.0,342.0,0.0
7777,EE_SHA,COL,T,PT,0.0,8968.0,8852.0,7762.0,8594.0,5938.0,4355.0,5782.0,4057.0,4048.0,1981.0,387.0,85.0,0.0
7778,EE_SHA,COL,T,RO,0.0,0.0,1320.0,1218.0,1021.0,977.0,864.0,673.0,914.0,1490.0,736.0,107.0,52.0,0.0
7779,EE_SHA,COL,T,SE,7318.0,9367.0,7409.0,5412.0,5790.0,5484.0,4991.0,7570.0,8959.0,7560.0,7509.0,11352.0,10652.0,3995.0
7780,EE_SHA,COL,T,SI,0.0,1262.0,1258.0,1055.0,940.0,515.0,1016.0,922.0,499.0,729.0,333.0,238.0,0.0,0.0
7781,EE_SHA,COL,T,SK,0.0,2300.0,2084.0,2294.0,1969.0,2000.0,2071.0,1878.0,1745.0,1552.0,1323.0,897.0,477.0,191.0
7782,EE_SHA,COL,T,UK,41129.0,52937.0,55965.0,56354.0,34770.0,33423.0,32432.0,30811.0,23134.0,21327.0,17556.0,5804.0,0.0,0.0
7946,EE_SHA,MKT,T,AT,29764.0,25460.0,24125.0,21817.0,19542.0,17391.0,17276.0,17142.0,17721.0,16183.0,16808.0,15171.0,13938.0,4577.0
7947,EE_SHA,MKT,T,BE,28167.0,29000.0,27965.0,28013.0,26980.0,26091.0,63930.0,29357.0,26565.0,24853.0,27456.0,41784.0,39487.0,40056.0
7948,EE_SHA,MKT,T,BG,0.0,5084.0,4957.0,4852.0,4699.0,3462.0,2616.0,2879.0,3100.0,2537.0,478.0,901.0,0.0,0.0
7949,EE_SHA,MKT,T,CY,0.0,1045.0,898.0,869.0,779.0,831.0,1278.0,1177.0,1356.0,1588.0,1586.0,1385.0,1007.0,1949.0
7950,EE_SHA,MKT,T,CZ,20595.0,19218.0,17837.0,16593.0,15506.0,16627.0,15289.0,14427.0,13358.0,14491.0,15308.0,15037.0,0.0,0.0
7951,EE_SHA,MKT,T,DE,199592.0,203480.0,203012.0,211298.0,192086.0,172217.0,167465.0,177838.0,175325.0,142271.0,148341.0,158123.0,144877.0,0.0
7952,EE_SHA,MKT,T,DK,14567.0,16237.0,13966.0,16436.0,12925.0,14076.0,13691.0,14099.0,14074.0,11390.0,10438.0,13386.0,12513.0,0.0
7953,EE_SHA,MKT,T,EE,1566.0,1421.0,1192.0,1398.0,1454.0,1294.0,1387.0,1161.0,1243.0,1038.0,1096.0,1202.0,1199.0,0.0
7954,EE_SHA,MKT,T,EL,10453.0,10699.0,11212.0,11173.0,12699.0,11921.0,11944.0,13665.0,14190.0,16390.0,13248.0,12863.0,11593.0,9393.0
7955,EE_SHA,MKT,T,ES,54456.0,47825.0,45448.0,46016.0,45410.0,46153.0,48945.0,51451.0,55945.0,49706.0,52147.0,52992.0,38100.0,0.0
7956,EE_SHA,MKT,T,EU27_2020,0.0,838932.0,797210.0,785442.0,737390.0,714831.0,730992.0,701369.0,0.0,0.0,0.0,0.0,0.0,0.0
7957,EE_SHA,MKT,T,EU28,0.0,998949.0,982665.0,964181.0,902170.0,870179.0,880130.0,846773.0,0.0,0.0,0.0,0.0,0.0,0.0
7958,EE_SHA,MKT,T,FI,8377.0,7342.0,7150.0,7285.0,8290.0,8710.0,9083.0,8985.0,6202.0,5837.0,6583.0,6268.0,7027.0,3408.0
7959,EE_SHA,MKT,T,FR,180571.0,179919.0,170794.0,166416.0,156587.0,158928.0,155411.0,162281.0,161177.0,151597.0,155044.0,154288.0,131634.0,0.0
7960,EE_SHA,MKT,T,HR,4796.0,4847.0,4737.0,3639.0,4080.0,3481.0,3462.0,4153.0,0.0,0.0,0.0,0.0,0.0,0.0
7961,EE_SHA,MKT,T,HU,0.0,12901.0,12085.0,9499.0,11259.0,8945.0,8608.0,15006.0,13621.0,13122.0,13371.0,15712.0,13483.0,9781.0
7962,EE_SHA,MKT,T,IE,6739.0,8376.0,12507.0,9545.0,11353.0,13186.0,9590.0,8432.0,10861.0,9334.0,9191.0,19058.0,0.0,0.0
7963,EE_SHA,MKT,T,IS,0.0,895.0,176.0,650.0,562.0,509.0,525.0,477.0,465.0,369.0,0.0,0.0,0.0,0.0
7964,EE_SHA,MKT,T,IT,0.0,0.0,0.0,75022.0,67689.0,67662.0,67172.0,70061.0,75594.0,54440.0,73415.0,74929.0,0.0,0.0
7965,EE_SHA,MKT,T,LI,152.0,154.0,181.0,121.0,117.0,76.0,39.0,45.0,0.0,0.0,0.0,0.0,0.0,0.0
7966,EE_SHA,MKT,T,LT,0.0,2876.0,2977.0,3534.0,2712.0,2317.0,2237.0,2197.0,2131.0,1968.0,3602.0,3472.0,2426.0,2399.0
7967,EE_SHA,MKT,T,LU,0.0,1359.0,1383.0,1174.0,1341.0,1316.0,1321.0,2174.0,1959.0,1440.0,1155.0,1253.0,670.0,1544.0
7968,EE_SHA,MKT,T,LV,1717.0,1849.0,1602.0,1549.0,1469.0,1464.0,1179.0,1126.0,1187.0,1061.0,1849.0,2419.0,0.0,0.0
7969,EE_SHA,MKT,T,MT,0.0,819.0,682.0,1974.0,1386.0,1074.0,518.0,663.0,739.0,803.0,608.0,666.0,618.0,629.0
7970,EE_SHA,MKT,T,NL,38605.0,37623.0,36689.0,34452.0,32832.0,32436.0,28182.0,0.0,0.0,0.0,0.0,0.0,0.0,0.0
7971,EE_SHA,MKT,T,NO,16408.0,15416.0,15001.0,15112.0,16179.0,17485.0,16697.0,16310.0,15572.0,13694.0,12903.0,12903.0,13880.0,9489.0
7972,EE_SHA,MKT,T,PL,0.0,64842.0,56747.0,50813.0,50159.0,47855.0,43930.0,46147.0,42928.0,39073.0,56585.0,41508.0,54849.0,0.0
7973,EE_SHA,MKT,T,PT,0.0,19573.0,12963.0,11576.0,10599.0,10599.0,9100.0,12261.0,7614.0,12851.0,12816.0,11748.0,7331.0,18737.0
7974,EE_SHA,MKT,T,RO,0.0,0.0,16225.0,14668.0,10466.0,13655.0,14642.0,14423.0,17485.0,8813.0,18081.0,8606.0,3872.0,0.0
7975,EE_SHA,MKT,T,SE,30097.0,31752.0,24961.0,26822.0,25872.0,25280.0,25042.0,22580.0,22822.0,22234.0,20803.0,20320.0,24465.0,9174.0
7976,EE_SHA,MKT,T,SI,0.0,2805.0,2873.0,2931.0,2780.0,2358.0,2405.0,2612.0,2224.0,2006.0,2324.0,2905.0,1764.0,0.0
7977,EE_SHA,MKT,T,SK,0.0,7635.0,7202.0,6076.0,6436.0,5500.0,5287.0,4989.0,4767.0,4185.0,4964.0,4031.0,3845.0,3082.0
7978,EE_SHA,MKT,T,UK,157003.0,160017.0,185455.0,178739.0,164780.0,155347.0,149139.0,145404.0,148906.0,153219.0,149222.0,90657.0,0.0,0.0
8045,EE_SHA,RCV,T,AT,9073.0,9159.0,7949.0,7941.0,7854.0,6927.0,6653.0,6112.0,5411.0,5025.0,5026.0,3894.0,3559.0,859.0
8046,EE_SHA,RCV,T,BE,11200.0,11278.0,11082.0,10487.0,10442.0,11409.0,8356.0,7606.0,7675.0,7790.0,6727.0,9718.0,9851.0,8410.0
8047,EE_SHA,RCV,T,BG,0.0,4790.0,4096.0,4913.0,3163.0,1388.0,1987.0,2631.0,2803.0,2687.0,2860.0,989.0,0.0,0.0
8048,EE_SHA,RCV,T,CY,0.0,196.0,157.0,104.0,115.0,250.0,121.0,119.0,111.0,71.0,0.0,0.0,0.0,0.0
8049,EE_SHA,RCV,T,CZ,6193.0,7748.0,8216.0,6264.0,5765.0,3793.0,2378.0,2266.0,2385.0,2683.0,882.0,477.0,0.0,0.0
8050,EE_SHA,RCV,T,DE,163299.0,140362.0,137570.0,113558.0,122920.0,89540.0,74876.0,72896.0,69423.0,123814.0,75695.0,48673.0,38646.0,0.0
8051,EE_SHA,RCV,T,DK,6555.0,5637.0,5333.0,5424.0,5255.0,4977.0,4774.0,6268.0,3424.0,5361.0,4703.0,5218.0,1498.0,0.0
8052,EE_SHA,RCV,T,EE,917.0,696.0,441.0,403.0,327.0,203.0,170.0,349.0,405.0,242.0,153.0,63.0,0.0,0.0
8053,EE_SHA,RCV,T,EL,1986.0,2711.0,3255.0,3254.0,2761.0,2581.0,2125.0,1637.0,1766.0,1085.0,642.0,220.0,257.0,74.0
8054,EE_SHA,RCV,T,ES,22327.0,22987.0,22908.0,16385.0,9969.0,9219.0,6035.0,7526.0,3827.0,3619.0,3340.0,1811.0,405.0,0.0
8055,EE_SHA,RCV,T,EU27_2020,0.0,350034.0,321737.0,280607.0,269242.0,201207.0,0.0,0.0,0.0,0.0,0.0,0.0,0.0,0.0
8056,EE_SHA,RCV,T,EU28,0.0,397407.0,371754.0,329616.0,299951.0,0.0,0.0,0.0,0.0,0.0,0.0,0.0,0.0,0.0
8057,EE_SHA,RCV,T,FI,2769.0,2567.0,2147.0,2322.0,2483.0,2985.0,1687.0,1493.0,1107.0,1785.0,1358.0,1095.0,1046.0,413.0
8058,EE_SHA,RCV,T,FR,43876.0,36935.0,34654.0,31643.0,29954.0,25085.0,22652.0,21104.0,17524.0,14622.0,9882.0,4276.0,0.0,0.0
8059,EE_SHA,RCV,T,HR,468.0,606.0,687.0,340.0,319.0,266.0,388.0,0.0,0.0,0.0,0.0,0.0,0.0,0.0
8060,EE_SHA,RCV,T,HU,0.0,4901.0,4907.0,5355.0,5255.0,5336.0,3818.0,2660.0,2362.0,2744.0,2580.0,1593.0,1027.0,433.0
8061,EE_SHA,RCV,T,IE,1827.0,2627.0,2149.0,2104.0,1696.0,1650.0,1957.0,1881.0,2589.0,2287.0,1996.0,1761.0,0.0,0.0
8062,EE_SHA,RCV,T,IS,0.0,251.0,162.0,134.0,30.0,89.0,86.0,47.0,40.0,34.0,0.0,0.0,0.0,0.0
8063,EE_SHA,RCV,T,IT,0.0,0.0,0.0,24497.0,18692.0,0.0,0.0,0.0,0.0,0.0,0.0,0.0,0.0,0.0
8064,EE_SHA,RCV,T,LI,111.0,113.0,132.0,89.0,88.0,57.0,29.0,34.0,36.0,50.0,42.0,44.0,0.0,0.0
8065,EE_SHA,RCV,T,LT,0.0,724.0,797.0,1049.0,1122.0,879.0,664.0,472.0,438.0,422.0,657.0,640.0,249.0,13.0
8066,EE_SHA,RCV,T,LU,0.0,431.0,437.0,399.0,367.0,417.0,396.0,389.0,359.0,329.0,289.0,303.0,261.0,0.0
8067,EE_SHA,RCV,T,LV,933.0,649.0,346.0,307.0,356.0,426.0,263.0,260.0,255.0,232.0,316.0,287.0,0.0,0.0
8068,EE_SHA,RCV,T,MT,0.0,117.0,292.0,19.0,18.0,19.0,23.0,22.0,40.0,0.0,0.0,0.0,0.0,0.0
8069,EE_SHA,RCV,T,NL,21309.0,19105.0,12714.0,12407.0,9832.0,7166.0,6818.0,8298.0,6684.0,4817.0,7864.0,7849.0,6644.0,6266.0
8070,EE_SHA,RCV,T,NO,6241.0,5431.0,6009.0,5269.0,4902.0,5257.0,4930.0,4516.0,6774.0,8597.0,4041.0,5169.0,5159.0,7065.0
8071,EE_SHA,RCV,T,PL,0.0,18943.0,18229.0,15361.0,14413.0,13127.0,13497.0,12719.0,7513.0,7430.0,1098.0,540.0,7.0,0.0
8072,EE_SHA,RCV,T,PT,0.0,8190.0,8053.0,7013.0,7373.0,5644.0,4183.0,5561.0,3855.0,3691.0,1778.0,332.0,70.0,0.0
8073,EE_SHA,RCV,T,RO,0.0,0.0,989.0,1134.0,902.0,866.0,761.0,598.0,770.0,782.0,244.0,15.0,1.0,0.0
8074,EE_SHA,RCV,T,SE,6728.0,8597.0,6768.0,4928.0,5289.0,5014.0,4461.0,6699.0,8114.0,6860.0,6587.0,9618.0,9251.0,3469.0
8075,EE_SHA,RCV,T,SI,0.0,1226.0,1174.0,869.0,857.0,323.0,743.0,859.0,415.0,348.0,0.0,0.0,0.0,0.0
8076,EE_SHA,RCV,T,SK,0.0,2137.0,1891.0,2125.0,1740.0,1718.0,1711.0,1615.0,1468.0,1249.0,1036.0,679.0,394.0,148.0
8077,EE_SHA,RCV,T,UK,38250.0,47373.0,50017.0,49010.0,30708.0,0.0,0.0,0.0,0.0,17108.0,14309.0,4809.0,0.0,0.0
8144,EE_SHA,RCY_REU,T,AT,7137.0,6989.0,6493.0,6308.0,6303.0,5503.0,5475.0,5011.0,4534.0,4221.0,4281.0,3301.0,3091.0,735.0
8145,EE_SHA,RCY_REU,T,BE,9697.0,9608.0,9588.0,9062.0,8991.0,10508.0,7814.0,6861.0,7399.0,7105.0,6448.0,9312.0,9367.0,7450.0
8146,EE_SHA,RCY_REU,T,BG,0.0,4637.0,4020.0,4632.0,3066.0,1374.0,1987.0,2603.0,2672.0,2682.0,2860.0,982.0,0.0,0.0
8147,EE_SHA,RCY_REU,T,CY,0.0,196.0,157.0,104.0,115.0,250.0,121.0,119.0,111.0,71.0,0.0,0.0,0.0,0.0
8148,EE_SHA,RCY_REU,T,CZ,6062.0,7254.0,8039.0,5886.0,5605.0,3776.0,2376.0,2192.0,2266.0,2597.0,813.0,462.0,0.0,0.0
8149,EE_SHA,RCY_REU,T,DE,139521.0,119111.0,122006.0,96615.0,104526.0,75229.0,62849.0,59327.0,55826.0,93917.0,59624.0,37578.0,28362.0,0.0
8150,EE_SHA,RCY_REU,T,DK,6028.0,5548.0,5244.0,5118.0,4904.0,4619.0,4390.0,5888.0,2999.0,4795.0,4431.0,4700.0,1279.0,0.0
8151,EE_SHA,RCY_REU,T,EE,741.0,553.0,412.0,350.0,250.0,159.0,123.0,254.0,266.0,175.0,153.0,63.0,0.0,0.0
8152,EE_SHA,RCY_REU,T,EL,1813.0,2404.0,3094.0,3254.0,2761.0,2581.0,2125.0,1637.0,1766.0,1085.0,642.0,220.0,257.0,74.0
8153,EE_SHA,RCY_REU,T,ES,21831.0,22210.0,21160.0,14276.0,9412.0,8527.0,5815.0,7022.0,2735.0,3465.0,2419.0,1593.0,404.0,0.0
8154,EE_SHA,RCY_REU,T,EU27_2020,0.0,313291.0,292608.0,249944.0,240607.0,0.0,0.0,0.0,0.0,0.0,0.0,0.0,0.0,0.0
8155,EE_SHA,RCY_REU,T,EU28,0.0,358559.0,339291.0,297174.0,269717.0,0.0,0.0,0.0,0.0,0.0,0.0,0.0,0.0,0.0
8156,EE_SHA,RCY_REU,T,FI,2689.0,2544.0,2110.0,2284.0,2445.0,2957.0,1622.0,1419.0,1082.0,1518.0,1341.0,1039.0,1008.0,411.0
8157,EE_SHA,RCY_REU,T,FR,39942.0,34024.0,32184.0,29808.0,27991.0,23109.0,20237.0,19246.0,16306.0,13480.0,9202.0,4031.0,0.0,0.0
8158,EE_SHA,RCY_REU,T,HR,468.0,606.0,687.0,340.0,319.0,266.0,388.0,0.0,0.0,0.0,0.0,0.0,0.0,0.0
8159,EE_SHA,RCY_REU,T,HU,0.0,4901.0,4907.0,4971.0,5243.0,5332.0,3814.0,2635.0,2362.0,2671.0,2569.0,1548.0,1025.0,432.0
8160,EE_SHA,RCY_REU,T,IE,1589.0,2212.0,1713.0,1771.0,1556.0,1502.0,1869.0,1880.0,2504.0,2178.0,1695.0,1761.0,0.0,0.0
8161,EE_SHA,RCY_REU,T,IS,0.0,251.0,162.0,134.0,29.0,78.0,74.0,38.0,32.0,30.0,0.0,0.0,0.0,0.0
8162,EE_SHA,RCY_REU,T,IT,0.0,0.0,0.0,24376.0,18519.0,0.0,0.0,0.0,0.0,0.0,0.0,0.0,0.0,0.0
8163,EE_SHA,RCY_REU,T,LI,111.0,113.0,132.0,89.0,88.0,57.0,29.0,34.0,36.0,50.0,42.0,44.0,0.0,0.0
8164,EE_SHA,RCY_REU,T,LT,0.0,647.0,710.0,950.0,1078.0,804.0,593.0,437.0,414.0,369.0,559.0,554.0,179.0,3.0
8165,EE_SHA,RCY_REU,T,LU,0.0,395.0,397.0,369.0,338.0,372.0,353.0,354.0,335.0,305.0,270.0,283.0,256.0,0.0
8166,EE_SHA,RCY_REU,T,LV,933.0,649.0,346.0,307.0,356.0,426.0,263.0,260.0,255.0,232.0,316.0,287.0,0.0,0.0
8167,EE_SHA,RCY_REU,T,MT,0.0,117.0,292.0,19.0,18.0,19.0,23.0,22.0,40.0,0.0,0.0,0.0,0.0,0.0
8168,EE_SHA,RCY_REU,T,NL,16382.0,16382.0,10219.0,10152.0,7992.0,5874.0,5482.0,6583.0,5322.0,4022.0,6744.0,7169.0,6346.0,5801.0
8169,EE_SHA,RCY_REU,T,NO,5111.0,4983.0,5279.0,4550.0,4011.0,4541.0,3802.0,3717.0,5994.0,7707.0,3683.0,4909.0,3432.0,4138.0
8170,EE_SHA,RCY_REU,T,PL,0.0,18928.0,18202.0,15268.0,14333.0,13071.0,13298.0,12576.0,7493.0,7065.0,1050.0,452.0,11.0,0.0
8171,EE_SHA,RCY_REU,T,PT,0.0,7166.0,7115.0,6069.0,6742.0,5387.0,3999.0,5541.0,3852.0,3666.0,1752.0,330.0,70.0,0.0
8172,EE_SHA,RCY_REU,T,RO,0.0,0.0,750.0,942.0,873.0,836.0,735.0,575.0,743.0,742.0,162.0,9.0,0.0,0.0
8173,EE_SHA,RCY_REU,T,SE,5531.0,7036.0,5525.0,4025.0,4329.0,4083.0,3681.0,5557.0,6656.0,5622.0,5270.0,8285.0,9315.0,3493.0
8174,EE_SHA,RCY_REU,T,SI,0.0,959.0,999.0,860.0,833.0,308.0,692.0,831.0,412.0,272.0,0.0,0.0,0.0,0.0
8175,EE_SHA,RCY_REU,T,SK,0.0,2103.0,1862.0,1827.0,1709.0,1371.0,1646.0,1567.0,1432.0,1207.0,981.0,656.0,332.0,132.0
8176,EE_SHA,RCY_REU,T,UK,34960.0,45268.0,46683.0,47230.0,29109.0,0.0,0.0,0.0,0.0,16978.0,13929.0,4508.0,0.0,0.0
8204,EE_SHA,REU,T,AT,320.0,334.0,189.0,146.0,158.0,85.0,91.0,24.0,29.0,22.0,36.0,55.0,14.0,1.0
8205,EE_SHA,REU,T,BE,1443.0,0.0,0.0,1022.0,1372.0,2102.0,1415.0,1431.0,2098.0,1392.0,1246.0,1078.0,989.0,307.0
8206,EE_SHA,REU,T,BG,0.0,0.0,0.0,0.0,0.0,0.0,5.0,0.0,0.0,0.0,0.0,0.0,0.0,0.0
8207,EE_SHA,REU,T,CY,0.0,0.0,0.0,0.0,0.0,0.0,0.0,0.0,0.0,0.0,0.0,0.0,0.0,0.0
8208,EE_SHA,REU,T,DE,2873.0,5824.0,3858.0,281.0,365.0,145.0,167.0,310.0,280.0,506.0,624.0,725.0,651.0,0.0
8209,EE_SHA,REU,T,DK,56.0,4.0,0.0,4.0,5.0,5.0,0.0,0.0,0.0,0.0,0.0,0.0,0.0,0.0
8210,EE_SHA,REU,T,EE,0.0,0.0,0.0,0.0,0.0,0.0,0.0,0.0,0.0,0.0,0.0,0.0,0.0,0.0
8211,EE_SHA,REU,T,EL,0.0,0.0,0.0,0.0,0.0,0.0,0.0,0.0,0.0,0.0,0.0,0.0,0.0,0.0
8212,EE_SHA,REU,T,ES,0.0,0.0,0.0,0.0,1134.0,0.0,7.0,20.0,8.0,13.0,0.0,0.0,0.0,0.0
8213,EE_SHA,REU,T,FI,45.0,41.0,14.0,49.0,68.0,62.0,47.0,11.0,9.0,5.0,12.0,7.0,2.0,0.0
8214,EE_SHA,REU,T,FR,512.0,371.0,183.0,166.0,168.0,165.0,263.0,260.0,223.0,141.0,141.0,130.0,0.0,0.0
8215,EE_SHA,REU,T,HR,0.0,0.0,0.0,0.0,0.0,0.0,0.0,0.0,0.0,0.0,0.0,0.0,0.0,0.0
8216,EE_SHA,REU,T,HU,0.0,0.0,0.0,0.0,0.0,0.0,0.0,0.0,65.0,0.0,0.0,0.0,0.0,0.0
8217,EE_SHA,REU,T,IE,0.0,6.0,0.0,3.0,0.0,1.0,11.0,65.0,0.0,13.0,1.0,0.0,0.0,0.0
8218,EE_SHA,REU,T,IS,0.0,0.0,0.0,0.0,0.0,0.0,0.0,0.0,0.0,0.0,0.0,0.0,0.0,0.0
8219,EE_SHA,REU,T,LI,0.0,0.0,0.0,0.0,0.0,0.0,0.0,0.0,0.0,0.0,0.0,0.0,0.0,0.0
8220,EE_SHA,REU,T,LU,0.0,0.0,0.0,0.0,0.0,0.0,0.0,0.0,0.0,0.0,0.0,0.0,0.0,0.0
8221,EE_SHA,REU,T,LV,0.0,0.0,0.0,0.0,0.0,0.0,0.0,0.0,0.0,0.0,0.0,0.0,0.0,0.0
8222,EE_SHA,REU,T,MT,0.0,0.0,0.0,0.0,0.0,0.0,0.0,0.0,0.0,0.0,0.0,0.0,0.0,0.0
8223,EE_SHA,REU,T,NL,0.0,0.0,0.0,0.0,0.0,0.0,0.0,0.0,0.0,0.0,0.0,0.0,0.0,0.0
8224,EE_SHA,REU,T,NO,0.0,0.0,0.0,0.0,0.0,0.0,0.0,0.0,6.0,0.0,0.0,0.0,0.0,0.0
8225,EE_SHA,REU,T,PL,0.0,34.0,74.0,110.0,42.0,113.0,100.0,19.0,8.0,101.0,1.0,2.0,0.0,0.0
8226,EE_SHA,REU,T,PT,0.0,112.0,0.0,0.0,0.0,0.0,0.0,0.0,0.0,0.0,3.0,0.0,0.0,0.0
8227,EE_SHA,REU,T,SE,0.0,0.0,0.0,0.0,0.0,0.0,0.0,0.0,0.0,0.0,0.0,0.0,0.0,0.0
8228,EE_SHA,REU,T,SI,0.0,0.0,0.0,0.0,0.0,0.0,1.0,0.0,0.0,0.0,0.0,0.0,0.0,0.0
8229,EE_SHA,REU,T,SK,0.0,0.0,0.0,0.0,0.0,0.0,0.0,0.0,0.0,0.0,0.0,0.0,0.0,0.0
8230,EE_SHA,REU,T,UK,0.0,300.0,391.0,202.0,251.0,354.0,329.0,601.0,481.0,194.0,147.0,101.0,0.0,0.0
8528,EE_TLS,COL,T,AT,101.0,100.0,91.0,89.0,88.0,80.0,78.0,70.0,65.0,61.0,62.0,48.0,44.0,11.0
8529,EE_TLS,COL,T,BE,673.0,604.0,536.0,487.0,421.0,322.0,351.0,636.0,231.0,118.0,96.0,19.0,0.0,0.0
8530,EE_TLS,COL,T,BG,0.0,224.0,431.0,388.0,377.0,128.0,324.0,141.0,256.0,90.0,0.0,0.0,0.0,0.0
8531,EE_TLS,COL,T,CY,0.0,4.0,3.0,4.0,2.0,2.0,10.0,6.0,10.0,10.0,3.0,1.0,0.0,0.0
8532,EE_TLS,COL,T,CZ,551.0,540.0,597.0,219.0,268.0,319.0,352.0,234.0,236.0,176.0,77.0,61.0,0.0,0.0
8533,EE_TLS,COL,T,DE,7060.0,6845.0,6826.0,6212.0,9779.0,9922.0,3148.0,3519.0,3770.0,10754.0,7734.0,4282.0,4596.0,0.0
8534,EE_TLS,COL,T,DK,1052.0,267.0,264.0,492.0,551.0,216.0,341.0,383.0,650.0,896.0,642.0,1250.0,359.0,0.0
8535,EE_TLS,COL,T,EE,20.0,5.0,1.0,8.0,54.0,10.0,8.0,18.0,15.0,9.0,11.0,0.0,1.0,0.0
8536,EE_TLS,COL,T,EL,127.0,132.0,169.0,163.0,292.0,208.0,282.0,231.0,249.0,404.0,305.0,214.0,60.0,3.0
8537,EE_TLS,COL,T,ES,2500.0,3577.0,2597.0,1794.0,2266.0,2433.0,2882.0,3406.0,2753.0,3436.0,3660.0,3410.0,208.0,0.0
8538,EE_TLS,COL,T,EU27_2020,0.0,22418.0,20870.0,19185.0,21195.0,20094.0,15779.0,16081.0,0.0,0.0,0.0,0.0,0.0,0.0
8539,EE_TLS,COL,T,EU28,0.0,24863.0,23702.0,22002.0,23392.0,22239.0,18015.0,19273.0,0.0,0.0,0.0,0.0,0.0,0.0
8540,EE_TLS,COL,T,FI,301.0,157.0,137.0,178.0,153.0,167.0,83.0,141.0,99.0,11.0,17.0,22.0,13.0,6.0
8541,EE_TLS,COL,T,FR,8618.0,2852.0,2869.0,2832.0,1868.0,1500.0,1360.0,1273.0,1022.0,885.0,427.0,160.0,97.0,0.0
8542,EE_TLS,COL,T,HR,87.0,38.0,50.0,73.0,117.0,21.0,33.0,68.0,0.0,0.0,0.0,0.0,0.0,0.0
8543,EE_TLS,COL,T,HU,0.0,90.0,86.0,80.0,81.0,94.0,609.0,63.0,48.0,75.0,16.0,12.0,140.0,11.0
8544,EE_TLS,COL,T,IE,188.0,278.0,120.0,68.0,40.0,49.0,50.0,99.0,48.0,19.0,49.0,65.0,0.0,0.0
8545,EE_TLS,COL,T,IS,0.0,12.0,5.0,5.0,0.0,0.0,4.0,2.0,10.0,1.0,0.0,0.0,0.0,0.0
8546,EE_TLS,COL,T,IT,0.0,0.0,0.0,485.0,366.0,204.0,220.0,252.0,230.0,211.0,179.0,98.0,0.0,0.0
8547,EE_TLS,COL,T,LI,0.0,0.0,0.0,0.0,0.0,0.0,0.0,0.0,0.0,0.0,0.0,0.0,0.0,0.0
8548,EE_TLS,COL,T,LT,0.0,93.0,94.0,49.0,91.0,103.0,60.0,146.0,114.0,117.0,179.0,161.0,50.0,21.0
8549,EE_TLS,COL,T,LU,0.0,63.0,64.0,60.0,55.0,24.0,23.0,25.0,24.0,68.0,62.0,15.0,42.0,0.0
8550,EE_TLS,COL,T,LV,178.0,101.0,65.0,106.0,196.0,208.0,199.0,351.0,104.0,808.0,308.0,250.0,0.0,0.0
8551,EE_TLS,COL,T,MT,0.0,1.0,0.0,1.0,0.0,0.0,0.0,0.0,0.0,0.0,0.0,0.0,0.0,0.0
8552,EE_TLS,COL,T,NL,1061.0,870.0,1027.0,887.0,528.0,453.0,694.0,830.0,485.0,78.0,404.0,377.0,319.0,530.0
8553,EE_TLS,COL,T,NO,675.0,752.0,735.0,637.0,583.0,669.0,458.0,480.0,479.0,641.0,592.0,1794.0,293.0,199.0
8554,EE_TLS,COL,T,PL,0.0,3903.0,3150.0,3324.0,2428.0,2513.0,3449.0,2812.0,1569.0,1756.0,222.0,95.0,38.0,0.0
8555,EE_TLS,COL,T,PT,0.0,151.0,143.0,148.0,132.0,135.0,207.0,329.0,107.0,105.0,56.0,162.0,0.0,0.0
8556,EE_TLS,COL,T,RO,0.0,0.0,116.0,107.0,66.0,90.0,60.0,95.0,63.0,112.0,33.0,3.0,1.0,0.0
8557,EE_TLS,COL,T,SE,772.0,731.0,812.0,835.0,757.0,733.0,689.0,700.0,697.0,607.0,234.0,133.0,747.0,280.0
8558,EE_TLS,COL,T,SI,0.0,65.0,16.0,21.0,33.0,33.0,48.0,30.0,14.0,25.0,18.0,23.0,0.0,0.0
8559,EE_TLS,COL,T,SK,0.0,184.0,120.0,78.0,185.0,127.0,218.0,223.0,31.0,11.0,7.0,4.0,3.0,2.0
8560,EE_TLS,COL,T,UK,2288.0,2445.0,2832.0,2817.0,2197.0,2145.0,2237.0,3192.0,803.0,638.0,631.0,337.0,0.0,0.0
8721,EE_TLS,MKT,T,AT,3890.0,3390.0,3667.0,3287.0,2729.0,2228.0,2317.0,2511.0,2723.0,2478.0,2596.0,2329.0,2320.0,816.0
8722,EE_TLS,MKT,T,BE,7150.0,6984.0,6776.0,6055.0,4958.0,4010.0,4781.0,5425.0,5854.0,3900.0,1908.0,2579.0,0.0,0.0
8723,EE_TLS,MKT,T,BG,0.0,377.0,435.0,367.0,618.0,606.0,485.0,278.0,233.0,539.0,0.0,0.0,0.0,0.0
8724,EE_TLS,MKT,T,CY,0.0,118.0,90.0,71.0,82.0,98.0,234.0,136.0,202.0,98.0,122.0,95.0,106.0,134.0
8725,EE_TLS,MKT,T,CZ,4640.0,5108.0,3940.0,2724.0,3061.0,2484.0,3528.0,3525.0,2846.0,3370.0,3992.0,3656.0,0.0,0.0
8726,EE_TLS,MKT,T,DE,74988.0,64576.0,53883.0,51368.0,43492.0,40518.0,41051.0,38948.0,50671.0,39232.0,35867.0,81727.0,25172.0,0.0
8727,EE_TLS,MKT,T,DK,2753.0,3164.0,3088.0,3639.0,3514.0,3151.0,3571.0,3693.0,4684.0,3930.0,2502.0,1973.0,2064.0,0.0
8728,EE_TLS,MKT,T,EE,113.0,115.0,60.0,30.0,44.0,26.0,37.0,43.0,41.0,37.0,28.0,20.0,23.0,0.0
8729,EE_TLS,MKT,T,EL,2413.0,1888.0,1052.0,978.0,1697.0,1015.0,1842.0,2023.0,3090.0,2790.0,1234.0,967.0,940.0,1229.0
8730,EE_TLS,MKT,T,ES,20102.0,19994.0,17179.0,16014.0,14498.0,12717.0,12855.0,15863.0,19524.0,17678.0,22552.0,27477.0,11227.0,0.0
8731,EE_TLS,MKT,T,EU27_2020,0.0,233745.0,208258.0,189829.0,173117.0,163658.0,160391.0,170017.0,0.0,0.0,0.0,0.0,0.0,0.0
8732,EE_TLS,MKT,T,EU28,0.0,289534.0,268596.0,245378.0,225391.0,210315.0,210731.0,221247.0,0.0,0.0,0.0,0.0,0.0,0.0
8733,EE_TLS,MKT,T,FI,1339.0,1252.0,1164.0,959.0,1254.0,1218.0,1462.0,2018.0,3030.0,2688.0,3646.0,2179.0,1950.0,633.0
8734,EE_TLS,MKT,T,FR,80047.0,70183.0,64884.0,57734.0,51973.0,50390.0,44367.0,49607.0,49191.0,47353.0,54992.0,51914.0,37757.0,0.0
8735,EE_TLS,MKT,T,HR,838.0,614.0,726.0,545.0,307.0,271.0,212.0,445.0,0.0,0.0,0.0,0.0,0.0,0.0
8736,EE_TLS,MKT,T,HU,0.0,741.0,640.0,588.0,821.0,717.0,589.0,1331.0,1067.0,814.0,1199.0,1373.0,744.0,531.0
8737,EE_TLS,MKT,T,IE,2211.0,2312.0,2406.0,2407.0,1777.0,2630.0,1308.0,1928.0,2356.0,2361.0,2702.0,2572.0,0.0,0.0
8738,EE_TLS,MKT,T,IS,0.0,41.0,31.0,22.0,11.0,25.0,75.0,85.0,88.0,66.0,0.0,0.0,0.0,0.0
8739,EE_TLS,MKT,T,IT,0.0,0.0,0.0,20636.0,20056.0,19671.0,20481.0,22408.0,20256.0,19662.0,28413.0,28335.0,0.0,0.0
8740,EE_TLS,MKT,T,LT,0.0,346.0,283.0,323.0,265.0,265.0,251.0,329.0,308.0,334.0,684.0,650.0,335.0,333.0
8741,EE_TLS,MKT,T,LU,0.0,263.0,195.0,165.0,168.0,123.0,188.0,533.0,386.0,297.0,292.0,311.0,165.0,98.0
8742,EE_TLS,MKT,T,LV,326.0,265.0,272.0,412.0,485.0,355.0,274.0,271.0,160.0,810.0,656.0,720.0,0.0,0.0
8743,EE_TLS,MKT,T,MT,0.0,133.0,130.0,39.0,253.0,282.0,258.0,299.0,265.0,305.0,342.0,114.0,137.0,134.0
8744,EE_TLS,MKT,T,NL,6192.0,6393.0,4216.0,3544.0,2992.0,3134.0,3448.0,0.0,0.0,0.0,0.0,0.0,0.0,0.0
8745,EE_TLS,MKT,T,NO,6133.0,5170.0,5462.0,4928.0,4902.0,2986.0,3223.0,4033.0,4393.0,4179.0,3015.0,3015.0,3793.0,4808.0
8746,EE_TLS,MKT,T,PL,0.0,12673.0,11452.0,9102.0,8505.0,7125.0,8188.0,7835.0,7300.0,5991.0,7402.0,6977.0,11010.0,0.0
8747,EE_TLS,MKT,T,PT,0.0,1912.0,1408.0,1192.0,1248.0,1248.0,1607.0,2791.0,2273.0,3065.0,2384.0,2852.0,2152.0,1573.0
8748,EE_TLS,MKT,T,RO,0.0,0.0,2151.0,1617.0,999.0,654.0,813.0,744.0,954.0,628.0,466.0,1160.0,353.0,0.0
8749,EE_TLS,MKT,T,SE,5764.0,4897.0,6040.0,5003.0,6160.0,7694.0,5408.0,6086.0,6023.0,3729.0,4454.0,5282.0,1626.0,610.0
8750,EE_TLS,MKT,T,SI,0.0,444.0,552.0,641.0,522.0,469.0,420.0,505.0,495.0,401.0,387.0,648.0,221.0,0.0
8751,EE_TLS,MKT,T,SK,0.0,1733.0,932.0,389.0,638.0,557.0,417.0,423.0,522.0,412.0,495.0,115.0,520.0,226.0
8752,EE_TLS,MKT,T,UK,57649.0,55790.0,60339.0,55549.0,52275.0,46657.0,50340.0,51230.0,62137.0,48859.0,57302.0,38064.0,0.0,0.0
8817,EE_TLS,RCV,T,AT,95.0,96.0,83.0,83.0,82.0,73.0,70.0,64.0,57.0,53.0,53.0,41.0,37.0,9.0
8818,EE_TLS,RCV,T,BE,508.0,515.0,426.0,311.0,364.0,268.0,284.0,512.0,182.0,90.0,71.0,20.0,0.0,0.0
8819,EE_TLS,RCV,T,BG,0.0,204.0,405.0,349.0,324.0,87.0,257.0,108.0,178.0,63.0,0.0,0.0,0.0,0.0
8820,EE_TLS,RCV,T,CY,0.0,3.0,3.0,3.0,2.0,2.0,9.0,5.0,9.0,9.0,0.0,0.0,0.0,0.0
8821,EE_TLS,RCV,T,CZ,421.0,432.0,566.0,197.0,127.0,297.0,307.0,199.0,159.0,130.0,39.0,41.0,0.0,0.0
8822,EE_TLS,RCV,T,DE,6970.0,6746.0,6683.0,5878.0,9615.0,6938.0,2930.0,3430.0,3178.0,9999.0,7036.0,3892.0,3773.0,0.0
8823,EE_TLS,RCV,T,DK,888.0,247.0,239.0,497.0,598.0,193.0,332.0,382.0,618.0,851.0,571.0,962.0,277.0,0.0
8824,EE_TLS,RCV,T,EE,20.0,5.0,1.0,8.0,52.0,7.0,3.0,13.0,15.0,8.0,7.0,0.0,0.0,0.0
8825,EE_TLS,RCV,T,EL,102.0,88.0,124.0,125.0,220.0,155.0,242.0,152.0,168.0,348.0,116.0,93.0,57.0,0.0
8826,EE_TLS,RCV,T,ES,1981.0,3158.0,2346.0,1645.0,1946.0,2141.0,2470.0,2985.0,2128.0,2281.0,2154.0,2114.0,136.0,0.0
8827,EE_TLS,RCV,T,EU27_2020,0.0,19865.0,19532.0,16943.0,19603.0,0.0,0.0,0.0,0.0,0.0,0.0,0.0,0.0,0.0
8828,EE_TLS,RCV,T,EU28,0.0,22032.0,22044.0,19380.0,21483.0,0.0,0.0,0.0,0.0,0.0,0.0,0.0,0.0,0.0
8829,EE_TLS,RCV,T,FI,287.0,148.0,129.0,155.0,143.0,140.0,72.0,119.0,83.0,9.0,16.0,17.0,8.0,4.0
8830,EE_TLS,RCV,T,FR,7261.0,2405.0,2464.0,2433.0,1622.0,1268.0,1138.0,1031.0,792.0,672.0,267.0,94.0,0.0,0.0
8831,EE_TLS,RCV,T,HR,72.0,39.0,42.0,70.0,114.0,27.0,38.0,0.0,0.0,0.0,0.0,0.0,0.0,0.0
8832,EE_TLS,RCV,T,HU,0.0,79.0,70.0,75.0,73.0,84.0,112.0,58.0,39.0,67.0,12.0,11.0,127.0,6.0
8833,EE_TLS,RCV,T,IE,156.0,249.0,116.0,64.0,37.0,36.0,33.0,82.0,40.0,13.0,9.0,13.0,0.0,0.0
8834,EE_TLS,RCV,T,IS,0.0,11.0,5.0,5.0,0.0,0.0,5.0,6.0,4.0,1.0,0.0,0.0,0.0,0.0
8835,EE_TLS,RCV,T,IT,0.0,0.0,0.0,406.0,288.0,0.0,0.0,0.0,0.0,0.0,0.0,0.0,0.0,0.0
8836,EE_TLS,RCV,T,LT,0.0,79.0,77.0,40.0,70.0,76.0,56.0,77.0,76.0,67.0,118.0,107.0,38.0,21.0
8837,EE_TLS,RCV,T,LU,0.0,58.0,59.0,53.0,49.0,21.0,20.0,20.0,19.0,55.0,48.0,13.0,36.0,0.0
8838,EE_TLS,RCV,T,LV,123.0,75.0,60.0,82.0,188.0,136.0,159.0,174.0,90.0,503.0,110.0,110.0,0.0,0.0
8839,EE_TLS,RCV,T,MT,0.0,1.0,2.0,0.0,0.0,0.0,0.0,0.0,0.0,0.0,0.0,0.0,0.0,0.0
8840,EE_TLS,RCV,T,NL,937.0,788.0,967.0,854.0,502.0,440.0,670.0,802.0,460.0,68.0,341.0,309.0,235.0,334.0
8841,EE_TLS,RCV,T,NO,643.0,644.0,720.0,624.0,567.0,649.0,440.0,438.0,386.0,550.0,537.0,1202.0,196.0,269.0
8842,EE_TLS,RCV,T,PL,0.0,2973.0,3207.0,2564.0,2272.0,2648.0,2332.0,2483.0,1345.0,1314.0,48.0,25.0,0.0,0.0
8843,EE_TLS,RCV,T,PT,0.0,138.0,131.0,132.0,114.0,129.0,201.0,316.0,102.0,98.0,48.0,157.0,0.0,0.0
8844,EE_TLS,RCV,T,RO,0.0,0.0,95.0,70.0,55.0,75.0,50.0,80.0,46.0,53.0,16.0,1.0,1.0,0.0
8845,EE_TLS,RCV,T,SE,627.0,594.0,709.0,682.0,620.0,601.0,563.0,565.0,571.0,496.0,187.0,116.0,86.0,32.0
8846,EE_TLS,RCV,T,SI,0.0,62.0,15.0,20.0,32.0,19.0,39.0,26.0,12.0,17.0,0.0,0.0,0.0,0.0
8847,EE_TLS,RCV,T,SK,0.0,170.0,108.0,146.0,93.0,97.0,177.0,192.0,27.0,9.0,6.0,3.0,2.0,2.0
8848,EE_TLS,RCV,T,UK,2151.0,2167.0,2511.0,2437.0,1880.0,0.0,0.0,0.0,0.0,481.0,429.0,280.0,0.0,0.0
8913,EE_TLS,RCY_REU,T,AT,75.0,73.0,68.0,66.0,66.0,58.0,57.0,52.0,48.0,44.0,45.0,35.0,32.0,8.0
8914,EE_TLS,RCY_REU,T,BE,433.0,439.0,369.0,270.0,315.0,244.0,265.0,462.0,164.0,82.0,68.0,19.0,0.0,0.0
8915,EE_TLS,RCY_REU,T,BG,0.0,195.0,403.0,341.0,321.0,86.0,257.0,104.0,177.0,62.0,0.0,0.0,0.0,0.0
8916,EE_TLS,RCY_REU,T,CY,0.0,3.0,3.0,3.0,2.0,2.0,9.0,5.0,9.0,9.0,0.0,0.0,0.0,0.0
8917,EE_TLS,RCY_REU,T,CZ,419.0,430.0,558.0,197.0,123.0,311.0,327.0,220.0,159.0,104.0,37.0,39.0,0.0,0.0
8918,EE_TLS,RCY_REU,T,DE,6045.0,5600.0,5582.0,4869.0,8595.0,5587.0,2548.0,2974.0,2749.0,8823.0,5803.0,3036.0,3168.0,0.0
8919,EE_TLS,RCY_REU,T,DK,828.0,243.0,235.0,469.0,558.0,179.0,305.0,340.0,544.0,749.0,538.0,862.0,234.0,0.0
8920,EE_TLS,RCY_REU,T,EE,18.0,4.0,1.0,5.0,36.0,4.0,2.0,8.0,8.0,5.0,7.0,0.0,0.0,0.0
8921,EE_TLS,RCY_REU,T,EL,79.0,80.0,121.0,125.0,220.0,155.0,242.0,152.0,168.0,348.0,116.0,93.0,57.0,0.0
8922,EE_TLS,RCY_REU,T,ES,1917.0,3104.0,2191.0,1513.0,1742.0,1366.0,2308.0,2656.0,1816.0,2125.0,2123.0,2046.0,121.0,0.0
8923,EE_TLS,RCY_REU,T,EU27_2020,0.0,18021.0,17599.0,15181.0,17890.0,0.0,0.0,0.0,0.0,0.0,0.0,0.0,0.0,0.0
8924,EE_TLS,RCY_REU,T,EU28,0.0,20067.0,19943.0,17527.0,19669.0,0.0,0.0,0.0,0.0,0.0,0.0,0.0,0.0,0.0
8925,EE_TLS,RCY_REU,T,FI,277.0,147.0,126.0,153.0,142.0,138.0,71.0,117.0,81.0,9.0,14.0,15.0,7.0,4.0
8926,EE_TLS,RCY_REU,T,FR,6607.0,2216.0,2288.0,2292.0,1516.0,1168.0,1017.0,941.0,735.0,618.0,249.0,86.0,0.0,0.0
8927,EE_TLS,RCY_REU,T,HR,72.0,39.0,42.0,70.0,114.0,27.0,38.0,0.0,0.0,0.0,0.0,0.0,0.0,0.0
8928,EE_TLS,RCY_REU,T,HU,0.0,79.0,68.0,62.0,71.0,84.0,109.0,58.0,39.0,67.0,12.0,11.0,127.0,6.0
8929,EE_TLS,RCY_REU,T,IE,136.0,212.0,94.0,55.0,34.0,33.0,31.0,82.0,38.0,12.0,8.0,13.0,0.0,0.0
8930,EE_TLS,RCY_REU,T,IS,0.0,11.0,5.0,5.0,0.0,0.0,5.0,5.0,4.0,1.0,0.0,0.0,0.0,0.0
8931,EE_TLS,RCY_REU,T,IT,0.0,0.0,0.0,402.0,283.0,0.0,0.0,0.0,0.0,0.0,0.0,0.0,0.0,0.0
8932,EE_TLS,RCY_REU,T,LT,0.0,71.0,70.0,37.0,61.0,53.0,39.0,61.0,67.0,58.0,83.0,78.0,34.0,0.0
8933,EE_TLS,RCY_REU,T,LU,0.0,53.0,53.0,50.0,45.0,19.0,18.0,19.0,18.0,50.0,45.0,12.0,35.0,0.0
8934,EE_TLS,RCY_REU,T,LV,123.0,75.0,60.0,82.0,188.0,136.0,159.0,174.0,90.0,503.0,110.0,110.0,0.0,0.0
8935,EE_TLS,RCY_REU,T,MT,0.0,1.0,2.0,0.0,0.0,0.0,0.0,0.0,0.0,0.0,0.0,0.0,0.0,0.0
8936,EE_TLS,RCY_REU,T,NL,660.0,660.0,752.0,677.0,402.0,364.0,539.0,637.0,367.0,58.0,293.0,282.0,224.0,309.0
8937,EE_TLS,RCY_REU,T,NO,500.0,600.0,654.0,551.0,487.0,564.0,369.0,352.0,356.0,484.0,448.0,1142.0,159.0,192.0
8938,EE_TLS,RCY_REU,T,PL,0.0,2973.0,3205.0,2552.0,2241.0,2628.0,2328.0,2473.0,1341.0,1237.0,40.0,17.0,0.0,0.0
8939,EE_TLS,RCY_REU,T,PT,0.0,122.0,116.0,114.0,105.0,123.0,196.0,315.0,102.0,98.0,47.0,157.0,0.0,0.0
8940,EE_TLS,RCY_REU,T,RO,0.0,0.0,69.0,56.0,53.0,73.0,48.0,78.0,43.0,49.0,14.0,1.0,0.0,0.0
8941,EE_TLS,RCY_REU,T,SE,536.0,506.0,606.0,586.0,532.0,516.0,483.0,485.0,490.0,425.0,169.0,92.0,88.0,33.0
8942,EE_TLS,RCY_REU,T,SI,0.0,53.0,13.0,20.0,31.0,19.0,38.0,26.0,12.0,14.0,0.0,0.0,0.0,0.0
8943,EE_TLS,RCY_REU,T,SK,0.0,166.0,104.0,113.0,92.0,93.0,170.0,189.0,26.0,9.0,6.0,3.0,2.0,2.0
8944,EE_TLS,RCY_REU,T,UK,1945.0,2046.0,2344.0,2347.0,1779.0,0.0,0.0,0.0,0.0,476.0,420.0,275.0,0.0,0.0
8971,EE_TLS,REU,T,AT,3.0,4.0,2.0,2.0,2.0,1.0,1.0,0.0,0.0,0.0,0.0,1.0,0.0,0.0
8972,EE_TLS,REU,T,BE,13.0,0.0,0.0,3.0,0.0,0.0,0.0,18.0,0.0,0.0,0.0,0.0,0.0,0.0
8973,EE_TLS,REU,T,BG,0.0,0.0,0.0,0.0,0.0,0.0,0.0,0.0,0.0,0.0,0.0,0.0,0.0,0.0
8974,EE_TLS,REU,T,CY,0.0,0.0,0.0,0.0,0.0,0.0,0.0,0.0,0.0,0.0,0.0,0.0,0.0,0.0
8975,EE_TLS,REU,T,DE,10.0,274.0,38.0,17.0,3004.0,2740.0,146.0,4.0,511.0,117.0,147.0,31.0,37.0,0.0
8976,EE_TLS,REU,T,DK,14.0,0.0,0.0,0.0,2.0,17.0,0.0,0.0,0.0,0.0,0.0,0.0,0.0,0.0
8977,EE_TLS,REU,T,EE,0.0,0.0,0.0,0.0,0.0,0.0,0.0,0.0,0.0,0.0,0.0,0.0,0.0,0.0
8978,EE_TLS,REU,T,EL,0.0,0.0,0.0,0.0,0.0,0.0,0.0,0.0,0.0,0.0,0.0,0.0,0.0,0.0
8979,EE_TLS,REU,T,ES,0.0,0.0,0.0,0.0,11.0,0.0,14.0,59.0,48.0,4.0,0.0,0.0,0.0,0.0
8980,EE_TLS,REU,T,FI,5.0,1.0,1.0,2.0,2.0,3.0,1.0,1.0,1.0,0.0,1.0,1.0,0.0,2.0
8981,EE_TLS,REU,T,FR,3.0,25.0,13.0,13.0,9.0,8.0,12.0,11.0,8.0,5.0,3.0,2.0,8.0,0.0
8982,EE_TLS,REU,T,HR,0.0,0.0,0.0,0.0,0.0,0.0,0.0,0.0,0.0,0.0,0.0,0.0,0.0,0.0
8983,EE_TLS,REU,T,HU,0.0,0.0,0.0,0.0,0.0,0.0,0.0,0.0,0.0,0.0,0.0,0.0,0.0,0.0
8984,EE_TLS,REU,T,IE,0.0,13.0,0.0,8.0,0.0,9.0,13.0,3.0,0.0,4.0,1.0,0.0,0.0,0.0
8985,EE_TLS,REU,T,IS,0.0,0.0,0.0,0.0,0.0,0.0,0.0,0.0,0.0,0.0,0.0,0.0,0.0,0.0
8986,EE_TLS,REU,T,LU,0.0,0.0,0.0,0.0,0.0,0.0,0.0,0.0,0.0,0.0,0.0,0.0,0.0,0.0
8987,EE_TLS,REU,T,LV,0.0,0.0,7.0,0.0,69.0,65.0,37.0,164.0,0.0,239.0,156.0,128.0,0.0,0.0
8988,EE_TLS,REU,T,MT,0.0,0.0,0.0,0.0,0.0,0.0,0.0,0.0,0.0,0.0,0.0,0.0,0.0,0.0
8989,EE_TLS,REU,T,NL,0.0,0.0,0.0,0.0,0.0,0.0,0.0,0.0,0.0,0.0,0.0,0.0,0.0,0.0
8990,EE_TLS,REU,T,NO,0.0,0.0,0.0,0.0,0.0,0.0,0.0,0.0,0.0,0.0,0.0,12.0,0.0,0.0
8991,EE_TLS,REU,T,PL,0.0,22.0,31.0,4.0,7.0,0.0,8.0,75.0,0.0,73.0,0.0,1.0,0.0,0.0
8992,EE_TLS,REU,T,PT,0.0,0.0,0.0,0.0,0.0,0.0,0.0,0.0,0.0,0.0,0.0,0.0,0.0,0.0
8993,EE_TLS,REU,T,SE,0.0,0.0,4.0,0.0,0.0,0.0,0.0,0.0,0.0,0.0,0.0,0.0,0.0,0.0
8994,EE_TLS,REU,T,SI,0.0,0.0,0.0,0.0,0.0,0.0,0.0,0.0,0.0,0.0,0.0,0.0,0.0,0.0
8995,EE_TLS,REU,T,SK,0.0,0.0,0.0,0.0,0.0,0.0,0.0,0.0,0.0,0.0,0.0,0.0,0.0,0.0
8996,EE_TLS,REU,T,UK,0.0,38.0,42.0,29.0,45.0,42.0,318.0,569.0,44.0,21.0,82.0,1.0,0.0,0.0
9325,TOTAL,COL,T,AT,116414.0,116475.0,84776.0,80246.0,77726.0,76835.0,77402.0,75464.0,74256.0,75562.0,74754.0,64525.0,62629.0,19296.0
9326,TOTAL,COL,T,BE,138218.0,124011.0,127680.0,118545.0,116345.0,120365.0,116458.0,114981.0,105556.0,102977.0,89109.0,81829.0,76187.0,68150.0
9327,TOTAL,COL,T,BG,0.0,54493.0,61481.0,61987.0,42310.0,35162.0,38431.0,40442.0,45056.0,33423.0,40374.0,22166.0,0.0,0.0
9328,TOTAL,COL,T,CY,0.0,4696.0,2692.0,2963.0,2292.0,2283.0,2514.0,2725.0,2609.0,2297.0,2397.0,2513.0,4510.0,3487.0
9329,TOTAL,COL,T,CZ,93083.0,106656.0,107081.0,74288.0,58585.0,54215.0,53685.0,55438.0,52989.0,58206.0,45290.0,33396.0,0.0,0.0
9330,TOTAL,COL,T,DE,853125.0,836907.0,782214.0,721870.0,722968.0,727998.0,690711.0,710250.0,777035.0,832236.0,693775.0,586966.0,753900.0,0.0
9331,TOTAL,COL,T,DK,71198.0,69770.0,71209.0,72482.0,71557.0,72080.0,76200.0,84319.0,82931.0,84399.0,77627.0,98308.0,60245.0,0.0
9332,TOTAL,COL,T,EE,10007.0,9172.0,8891.0,7434.0,6057.0,4658.0,5465.0,6615.0,5630.0,4810.0,6163.0,6200.0,5855.0,0.0
9333,TOTAL,COL,T,EL,58040.0,55831.0,53715.0,49008.0,45420.0,38268.0,37235.0,42360.0,46527.0,66106.0,47142.0,31406.0,11342.0,763.0
9334,TOTAL,COL,T,ES,320622.0,287210.0,249983.0,230728.0,184818.0,209505.0,157994.0,153867.0,158099.0,137016.0,296009.0,277792.0,159094.0,0.0
9335,TOTAL,COL,T,EU27_2020,3562699.0,3756084.0,3560803.0,3225103.0,2962209.0,3031497.0,2970566.0,3036328.0,3046798.0,0.0,0.0,0.0,0.0,0.0
9336,TOTAL,COL,T,EU28,4379097.0,4626974.0,4532123.0,3888202.0,3484268.0,3523987.0,3474176.0,3553521.0,3526155.0,0.0,0.0,0.0,0.0,0.0
9337,TOTAL,COL,T,FI,66683.0,65405.0,60216.0,62544.0,66014.0,57919.0,52972.0,52509.0,50867.0,53235.0,54627.0,48634.0,39678.0,16142.0
9338,TOTAL,COL,T,FR,821994.0,742333.0,721949.0,617401.0,522793.0,479694.0,470556.0,470192.0,433959.0,393273.0,300988.0,174777.0,15160.0,0.0
9339,TOTAL,COL,T,HR,41523.0,36434.0,38815.0,23758.0,15488.0,15025.0,16187.0,17518.0,0.0,0.0,0.0,0.0,0.0,0.0
9340,TOTAL,COL,T,HU,0.0,63197.0,58615.0,52120.0,51775.0,49778.0,44262.0,37053.0,40521.0,46733.0,44918.0,35621.0,24048.0,15543.0
9341,TOTAL,COL,T,IE,62714.0,52312.0,51303.0,48626.0,44911.0,42629.0,41177.0,39628.0,44431.0,44812.0,50120.0,51530.0,0.0,0.0
9342,TOTAL,COL,T,IS,0.0,5859.0,4488.0,4572.0,3435.0,2469.0,2476.0,1930.0,1589.0,1026.0,0.0,0.0,0.0,0.0
9343,TOTAL,COL,T,IT,0.0,0.0,0.0,344629.0,314210.0,437090.0,497378.0,544577.0,582482.0,521113.0,448030.0,467542.0,66597.0,60638.0
9344,TOTAL,COL,T,LI,584.0,470.0,525.0,428.0,308.0,290.0,140.0,158.0,61.0,62.0,49.0,51.0,0.0,0.0
9345,TOTAL,COL,T,LT,0.0,13294.0,13026.0,16260.0,22186.0,16154.0,14259.0,11835.0,8928.0,6975.0,11786.0,11671.0,9303.0,2680.0
9346,TOTAL,COL,T,LU,0.0,6065.0,6191.0,5901.0,5518.0,5176.0,5010.0,4985.0,4823.0,4817.0,4243.0,4116.0,3848.0,0.0
9347,TOTAL,COL,T,LV,10051.0,9339.0,4842.0,4894.0,4921.0,4827.0,4694.0,4662.0,4287.0,4979.0,6515.0,6508.0,0.0,0.0
9348,TOTAL,COL,T,MT,0.0,2953.0,2445.0,1984.0,1673.0,1704.0,1506.0,1564.0,1535.0,1192.0,172.0,217.0,264.0,149.0
9349,TOTAL,COL,T,NL,184426.0,170849.0,154675.0,145192.0,141805.0,117499.0,123684.0,132197.0,128119.0,108457.0,103319.0,98190.0,94484.0,89827.0
9350,TOTAL,COL,T,NO,96485.0,98832.0,102577.0,105592.0,107236.0,104927.0,104905.0,109823.0,107767.0,115371.0,113618.0,109680.0,101617.0,99985.0
9351,TOTAL,COL,T,PL,0.0,246460.0,232653.0,199161.0,172946.0,171728.0,175295.0,143331.0,112246.0,106753.0,56426.0,27174.0,17101.0,0.0
9352,TOTAL,COL,T,PT,0.0,70060.0,69655.0,64469.0,60467.0,50051.0,43695.0,59282.0,46673.0,44690.0,41231.0,25851.0,4216.0,38.0
9353,TOTAL,COL,T,RO,0.0,0.0,46654.0,40774.0,32159.0,33165.0,23083.0,21008.0,26247.0,38760.0,21828.0,3685.0,1132.0,0.0
9354,TOTAL,COL,T,SE,144357.0,141378.0,163237.0,143955.0,144858.0,176567.0,168612.0,176580.0,161444.0,153706.0,150125.0,155553.0,130062.0,48774.0
9355,TOTAL,COL,T,SI,0.0,12643.0,13921.0,10527.0,9692.0,8539.0,9430.0,9344.0,8674.0,8186.0,6922.0,5318.0,0.0,0.0
9356,TOTAL,COL,T,SK,0.0,29830.0,28252.0,23356.0,22716.0,22584.0,22671.0,23601.0,21916.0,22188.0,19388.0,14524.0,8612.0,3580.0
9357,TOTAL,COL,T,UK,816398.0,870890.0,971321.0,663100.0,522059.0,492490.0,503611.0,517192.0,479356.0,471449.0,448010.0,193993.0,0.0,0.0
9523,TOTAL,MKT,T,AT,233477.0,211347.0,207946.0,186644.0,165326.0,155851.0,158261.0,160591.0,165810.0,159993.0,171667.0,167194.0,156809.0,64318.0
9524,TOTAL,MKT,T,BE,311125.0,292234.0,277898.0,268985.0,260391.0,269939.0,329598.0,305535.0,294530.0,287621.0,295086.0,265728.0,249736.0,213821.0
9525,TOTAL,MKT,T,BG,0.0,74832.0,72304.0,67945.0,65595.0,56700.0,53144.0,51173.0,51207.0,56050.0,102237.0,102237.0,0.0,0.0
9526,TOTAL,MKT,T,CY,0.0,11489.0,6143.0,9763.0,8771.0,9610.0,12852.0,15230.0,19178.0,19145.0,17860.0,17320.0,14929.0,23461.0
9527,TOTAL,MKT,T,CZ,196918.0,203572.0,187487.0,182025.0,179328.0,181886.0,168840.0,182324.0,166063.0,181844.0,209055.0,202026.0,0.0,0.0
9528,TOTAL,MKT,T,DE,2375643.0,2081223.0,1957989.0,1897480.0,1713902.0,1609232.0,1776492.0,1669939.0,1730794.0,1660390.0,1883544.0,1612228.0,1836913.0,0.0
9529,TOTAL,MKT,T,DK,175821.0,172060.0,158595.0,154842.0,152358.0,138437.0,141925.0,141864.0,147557.0,145963.0,162367.0,206565.0,173468.0,0.0
9530,TOTAL,MKT,T,EE,19122.0,16541.0,15911.0,15508.0,15144.0,13972.0,15044.0,14257.0,13199.0,11205.0,17009.0,17931.0,18318.0,0.0
9531,TOTAL,MKT,T,EL,145828.0,134420.0,130438.0,125136.0,139454.0,124703.0,135264.0,152318.0,178260.0,215320.0,210356.0,212228.0,175935.0,153058.0
9532,TOTAL,MKT,T,ES,722636.0,667367.0,626649.0,603227.0,557481.0,538851.0,573980.0,663704.0,746801.0,696156.0,775730.0,978077.0,512478.0,0.0
9533,TOTAL,MKT,T,EU27_2020,8720197.0,9118386.0,8412841.0,8037812.0,7548694.0,7283021.0,7627316.0,7645000.0,7914645.0,7541931.0,8872936.0,8759398.0,0.0,0.0
9534,TOTAL,MKT,T,EU28,10268726.0,10732991.0,10151519.0,9806976.0,9219871.0,8726158.0,9053491.0,9147749.0,9449221.0,9088496.0,10223657.0,9562702.0,0.0,0.0
9535,TOTAL,MKT,T,FI,132831.0,124294.0,122608.0,118011.0,126182.0,137586.0,137756.0,145093.0,148157.0,144822.0,162595.0,164739.0,139026.0,52782.0
9536,TOTAL,MKT,T,FR,1928995.0,1880274.0,1748258.0,1676384.0,1554305.0,1554732.0,1602702.0,1664816.0,1635493.0,1565469.0,1669718.0,1637531.0,1481563.0,0.0
9537,TOTAL,MKT,T,HR,61302.0,54395.0,50131.0,44702.0,39169.0,39898.0,39505.0,45597.0,0.0,0.0,0.0,0.0,0.0,0.0
9538,TOTAL,MKT,T,HU,0.0,133608.0,115590.0,103993.0,93055.0,79974.0,84176.0,119335.0,124178.0,126814.0,135160.0,130381.0,135775.0,129299.0
9539,TOTAL,MKT,T,IE,108459.0,108476.0,96463.0,86357.0,93282.0,85019.0,84964.0,99057.0,96360.0,96668.0,114919.0,141543.0,0.0,0.0
9540,TOTAL,MKT,T,IS,0.0,16253.0,7702.0,12177.0,9250.0,8067.0,7525.0,7815.0,7075.0,5898.0,0.0,0.0,0.0,0.0
9541,TOTAL,MKT,T,IT,0.0,0.0,0.0,912349.0,883883.0,846720.0,892910.0,993997.0,1117406.0,973713.0,1391855.0,1397603.0,0.0,0.0
9542,TOTAL,MKT,T,LI,584.0,470.0,525.0,428.0,308.0,290.0,140.0,158.0,0.0,0.0,0.0,0.0,0.0,0.0
9543,TOTAL,MKT,T,LT,0.0,33582.0,32095.0,31067.0,31516.0,27542.0,28337.0,25732.0,23994.0,23586.0,42602.0,47940.0,49798.0,48502.0
9544,TOTAL,MKT,T,LU,0.0,12748.0,11837.0,11769.0,12063.0,11778.0,12386.0,17028.0,17020.0,13266.0,11741.0,12602.0,7943.0,7692.0
9545,TOTAL,MKT,T,LV,24258.0,23024.0,18738.0,19143.0,18352.0,17840.0,16818.0,15747.0,15290.0,15625.0,28361.0,36338.0,0.0,0.0
9546,TOTAL,MKT,T,MT,0.0,11192.0,10236.0,13219.0,17138.0,14568.0,13516.0,13967.0,14291.0,13728.0,10001.0,9443.0,10094.0,9854.0
9547,TOTAL,MKT,T,NL,492107.0,417445.0,371592.0,342762.0,319951.0,306011.0,324717.0,0.0,0.0,0.0,0.0,0.0,0.0,46974.0
9548,TOTAL,MKT,T,NO,191285.0,185573.0,182766.0,177512.0,182236.0,180569.0,186084.0,184887.0,181579.0,172519.0,208063.0,208064.0,187143.0,390842.0
9549,TOTAL,MKT,T,PL,0.0,607240.0,583147.0,526914.0,518868.0,486180.0,481225.0,515663.0,487108.0,448332.0,594899.0,556471.0,865246.0,0.0
9550,TOTAL,MKT,T,PT,0.0,157965.0,137592.0,130404.0,121945.0,121945.0,117001.0,130747.0,157065.0,169050.0,173812.0,179089.0,123208.0,177498.0
9551,TOTAL,MKT,T,RO,0.0,0.0,200685.0,168179.0,139587.0,136804.0,130548.0,128513.0,151317.0,123821.0,244050.0,188089.0,140849.0,0.0
9552,TOTAL,MKT,T,SE,288092.0,278747.0,259030.0,256890.0,237925.0,242668.0,219160.0,231640.0,232403.0,218707.0,234088.0,285747.0,226615.0,84981.0
9553,TOTAL,MKT,T,SI,0.0,33427.0,35295.0,31414.0,30411.0,28494.0,28310.0,29572.0,28441.0,27795.0,33582.0,35335.0,27245.0,0.0
9554,TOTAL,MKT,T,SK,0.0,68277.0,65837.0,52701.0,53311.0,46080.0,47886.0,46060.0,49252.0,45465.0,60656.0,56022.0,51523.0,48531.0
9555,TOTAL,MKT,T,UK,1548529.0,1614604.0,1738678.0,1769164.0,1671177.0,1443137.0,1426175.0,1502749.0,1534576.0,1546565.0,1350721.0,803304.0,0.0,0.0
9622,TOTAL,RCV,T,AT,108014.0,108756.0,77797.0,74048.0,71798.0,68955.0,69561.0,68443.0,66371.0,66772.0,65541.0,55986.0,53891.0,15757.0
9623,TOTAL,RCV,T,BE,114277.0,106399.0,106098.0,103120.0,99479.0,103248.0,98669.0,97227.0,91893.0,86904.0,73403.0,68768.0,66320.0,58927.0
9624,TOTAL,RCV,T,BG,0.0,48035.0,51427.0,54276.0,36574.0,29664.0,32587.0,33729.0,36173.0,26489.0,26405.0,14260.0,0.0,0.0
9625,TOTAL,RCV,T,CY,0.0,3675.0,2364.0,2696.0,2049.0,1834.0,2176.0,2151.0,1869.0,1819.0,0.0,0.0,0.0,0.0
9626,TOTAL,RCV,T,CZ,80882.0,95011.0,97961.0,62693.0,50537.0,49667.0,43297.0,48844.0,48980.0,47560.0,35951.0,26102.0,0.0,0.0
9627,TOTAL,RCV,T,DE,830042.0,811435.0,756964.0,652130.0,689910.0,686940.0,653372.0,673880.0,736321.0,776177.0,643311.0,547364.0,683024.0,0.0
9628,TOTAL,RCV,T,DK,64303.0,64786.0,67279.0,66711.0,64777.0,64496.0,70692.0,84893.0,75416.0,74998.0,76873.0,86499.0,53761.0,0.0
9629,TOTAL,RCV,T,EE,9450.0,8660.0,8176.0,6760.0,5517.0,3298.0,4912.0,5142.0,5389.0,4549.0,5018.0,5156.0,0.0,0.0
9630,TOTAL,RCV,T,EL,50425.0,46981.0,49583.0,43888.0,38144.0,34671.0,33578.0,38495.0,45598.0,55883.0,39045.0,24236.0,9365.0,239.0
9631,TOTAL,RCV,T,ES,299596.0,253277.0,233233.0,188934.0,149261.0,191821.0,143413.0,130634.0,116496.0,102534.0,279342.0,256758.0,122439.0,0.0
9632,TOTAL,RCV,T,EU27_2020,3642493.0,3426316.0,3255364.0,2840831.0,2643477.0,2717764.0,2599331.0,2736050.0,0.0,0.0,0.0,0.0,0.0,0.0
9633,TOTAL,RCV,T,EU28,4387424.0,4205792.0,4102231.0,3404590.0,3100318.0,0.0,2599331.0,2736050.0,0.0,0.0,0.0,0.0,0.0,0.0
9634,TOTAL,RCV,T,FI,63086.0,61545.0,56550.0,59690.0,59770.0,52004.0,48441.0,48339.0,46567.0,49018.0,47069.0,40529.0,33167.0,13319.0
9635,TOTAL,RCV,T,FR,674846.0,665775.0,651131.0,552822.0,468118.0,415279.0,394298.0,394691.0,356658.0,311306.0,242298.0,134809.0,4579.0,0.0
9636,TOTAL,RCV,T,HR,37878.0,34812.0,37484.0,21993.0,15213.0,15014.0,15406.0,0.0,0.0,0.0,0.0,0.0,0.0,0.0
9637,TOTAL,RCV,T,HU,0.0,54185.0,50399.0,46405.0,46073.0,44079.0,36593.0,33037.0,35236.0,39872.0,37648.0,28785.0,18597.0,12305.0
9638,TOTAL,RCV,T,IE,62820.0,47504.0,49534.0,45576.0,38684.0,36995.0,35012.0,32844.0,36342.0,37323.0,41217.0,43104.0,0.0,0.0
9639,TOTAL,RCV,T,IS,0.0,5429.0,3553.0,3484.0,2752.0,1813.0,2153.0,1656.0,1289.0,781.0,0.0,0.0,0.0,0.0
9640,TOTAL,RCV,T,IT,0.0,0.0,0.0,304358.0,267888.0,389622.0,401730.0,510958.0,525476.0,478463.0,485236.0,418190.0,0.0,0.0
9641,TOTAL,RCV,T,LI,426.0,343.0,383.0,313.0,231.0,218.0,105.0,119.0,61.0,62.0,49.0,51.0,0.0,0.0
9642,TOTAL,RCV,T,LT,0.0,11724.0,11417.0,14135.0,18117.0,12308.0,11108.0,8988.0,6983.0,6051.0,8680.0,8241.0,6558.0,1973.0
9643,TOTAL,RCV,T,LU,0.0,5786.0,5795.0,5480.0,5158.0,4840.0,4664.0,4571.0,4348.0,4288.0,3645.0,3708.0,3522.0,0.0
9644,TOTAL,RCV,T,LV,8182.0,7551.0,4288.0,4024.0,4443.0,4359.0,3924.0,3800.0,3629.0,4090.0,4541.0,4456.0,0.0,0.0
9645,TOTAL,RCV,T,MT,0.0,2129.0,2527.0,1292.0,1902.0,1709.0,1129.0,1945.0,877.0,676.0,0.0,0.0,0.0,0.0
9646,TOTAL,RCV,T,NL,166192.0,159569.0,148219.0,139034.0,137013.0,112281.0,118036.0,123620.0,121084.0,97385.0,93822.0,88356.0,82787.0,77696.0
9647,TOTAL,RCV,T,NO,91703.0,89334.0,97991.0,97578.0,100746.0,98166.0,98249.0,102490.0,96935.0,99987.0,100277.0,95310.0,86533.0,105546.0
9648,TOTAL,RCV,T,PL,0.0,204516.0,192001.0,140022.0,128304.0,130686.0,134729.0,129865.0,88694.0,90220.0,22749.0,16585.0,34029.0,0.0
9649,TOTAL,RCV,T,PT,0.0,63685.0,63461.0,57922.0,51897.0,47321.0,38518.0,51421.0,40551.0,38733.0,35299.0,24012.0,3769.0,38.0
9650,TOTAL,RCV,T,RO,0.0,0.0,39941.0,30095.0,29244.0,30009.0,20296.0,18711.0,23604.0,32718.0,6488.0,540.0,39.0,0.0
9651,TOTAL,RCV,T,SE,132732.0,129843.0,149776.0,131928.0,133624.0,162154.0,154746.0,161479.0,148250.0,141439.0,135529.0,139256.0,121716.0,45644.0
9652,TOTAL,RCV,T,SI,0.0,12632.0,11730.0,9320.0,9038.0,4586.0,8184.0,7503.0,7049.0,6600.0,0.0,0.0,0.0,0.0
9653,TOTAL,RCV,T,SK,0.0,27115.0,25872.0,21480.0,20945.0,19924.0,20261.0,20842.0,19374.0,18159.0,16803.0,12393.0,7609.0,3056.0
9654,TOTAL,RCV,T,UK,744931.0,779476.0,846867.0,563759.0,456841.0,0.0,0.0,0.0,0.0,371778.0,348327.0,154552.0,0.0,0.0
9721,TOTAL,RCY_REU,T,AT,92927.0,93454.0,69381.0,65090.0,61907.0,60698.0,61914.0,61528.0,59347.0,59722.0,59575.0,50772.0,49773.0,14105.0
9722,TOTAL,RCY_REU,T,BE,100259.0,93158.0,92585.0,91739.0,89284.0,95265.0,91324.0,89394.0,84647.0,80371.0,68636.0,65370.0,58465.0,50325.0
9723,TOTAL,RCY_REU,T,BG,0.0,45608.0,50113.0,53085.0,35911.0,29353.0,32282.0,33278.0,35305.0,25503.0,26295.0,14134.0,0.0,0.0
9724,TOTAL,RCY_REU,T,CY,0.0,3675.0,2364.0,2696.0,2049.0,1834.0,2176.0,2151.0,1869.0,1819.0,0.0,0.0,0.0,0.0
9725,TOTAL,RCY_REU,T,CZ,78838.0,92704.0,96355.0,61313.0,50095.0,49402.0,43258.0,48129.0,45946.0,43564.0,34269.0,25187.0,0.0,0.0
9726,TOTAL,RCY_REU,T,DE,729864.0,717823.0,678272.0,572564.0,608587.0,602894.0,576848.0,595887.0,643079.0,668594.0,558907.0,474436.0,600062.0,0.0
9727,TOTAL,RCY_REU,T,DK,57487.0,59859.0,61498.0,61010.0,59372.0,59513.0,64285.0,77534.0,69281.0,69728.0,70153.0,80094.0,48137.0,0.0
9728,TOTAL,RCY_REU,T,EE,8578.0,7860.0,7708.0,6444.0,5154.0,3072.0,4397.0,4595.0,4654.0,3980.0,5018.0,5156.0,0.0,0.0
9729,TOTAL,RCY_REU,T,EL,46825.0,43998.0,45881.0,43888.0,38144.0,34671.0,33578.0,38495.0,45598.0,55883.0,39045.0,24236.0,9365.0,239.0
9730,TOTAL,RCY_REU,T,ES,276496.0,238680.0,219583.0,174602.0,142165.0,171769.0,133491.0,123630.0,106571.0,90065.0,236203.0,218630.0,110992.0,0.0
9731,TOTAL,RCY_REU,T,EU27_2020,3322123.0,3150872.0,2996838.0,2605540.0,2426156.0,2508129.0,2417464.0,2571923.0,2492034.0,0.0,0.0,0.0,0.0,0.0
9732,TOTAL,RCY_REU,T,EU28,4025636.0,3865550.0,3789246.0,3142120.0,2846768.0,2828545.0,2733105.0,2891702.0,2796242.0,0.0,0.0,0.0,0.0,0.0
9733,TOTAL,RCY_REU,T,FI,59786.0,58857.0,53553.0,57858.0,57981.0,50925.0,47368.0,46763.0,45004.0,46270.0,45022.0,38471.0,31272.0,13201.0
9734,TOTAL,RCY_REU,T,FR,604571.0,608127.0,591105.0,505466.0,422589.0,377669.0,361127.0,366057.0,335991.0,290526.0,228394.0,125122.0,4081.0,0.0
9735,TOTAL,RCY_REU,T,HR,37864.0,34697.0,37363.0,21987.0,14826.0,14631.0,14942.0,0.0,0.0,0.0,0.0,0.0,0.0,0.0
9736,TOTAL,RCY_REU,T,HU,0.0,53228.0,49216.0,43415.0,45034.0,43637.0,36095.0,32496.0,33351.0,38965.0,36845.0,27998.0,18448.0,12173.0
9737,TOTAL,RCY_REU,T,IE,58640.0,43860.0,43681.0,40458.0,37584.0,35508.0,34361.0,32544.0,35688.0,36744.0,39353.0,43104.0,0.0,0.0
9738,TOTAL,RCY_REU,T,IS,0.0,5391.0,3553.0,3484.0,2532.0,1575.0,1827.0,1377.0,1059.0,684.0,0.0,0.0,0.0,0.0
9739,TOTAL,RCY_REU,T,IT,0.0,0.0,0.0,295381.0,258679.0,384578.0,397675.0,506964.0,502292.0,455234.0,381794.0,326277.0,0.0,0.0
9740,TOTAL,RCY_REU,T,LI,426.0,343.0,383.0,313.0,231.0,218.0,105.0,119.0,61.0,62.0,49.0,51.0,0.0,0.0
9741,TOTAL,RCY_REU,T,LT,0.0,10927.0,10721.0,13120.0,16790.0,11222.0,9794.0,8319.0,6467.0,5378.0,7281.0,7267.0,5902.0,1142.0
9742,TOTAL,RCY_REU,T,LU,0.0,5406.0,5414.0,5127.0,4856.0,4533.0,4348.0,4286.0,4133.0,4087.0,3440.0,3516.0,3406.0,0.0
9743,TOTAL,RCY_REU,T,LV,8182.0,7551.0,4287.0,4024.0,4443.0,4359.0,3924.0,3800.0,3629.0,4090.0,4541.0,4456.0,0.0,0.0
9744,TOTAL,RCY_REU,T,MT,0.0,2128.0,2527.0,1292.0,1791.0,1661.0,1080.0,1921.0,865.0,676.0,0.0,0.0,0.0,0.0
9745,TOTAL,RCY_REU,T,NL,139367.0,139367.0,125065.0,119154.0,116841.0,97669.0,102614.0,108102.0,102325.0,85515.0,83756.0,77617.0,73475.0,67899.0
9746,TOTAL,RCY_REU,T,NO,78518.0,85180.0,87641.0,86991.0,85857.0,84729.0,82720.0,89745.0,87876.0,91532.0,92578.0,89323.0,81404.0,98156.0
9747,TOTAL,RCY_REU,T,PL,0.0,203759.0,191194.0,138914.0,127190.0,129771.0,133694.0,129049.0,88051.0,87884.0,22138.0,15099.0,8166.0,0.0
9748,TOTAL,RCY_REU,T,PT,0.0,56681.0,57157.0,50284.0,46470.0,43323.0,37851.0,49209.0,39658.0,38012.0,34945.0,23767.0,3772.0,38.0
9749,TOTAL,RCY_REU,T,RO,0.0,0.0,34509.0,26908.0,28064.0,28738.0,19459.0,17878.0,22238.0,30767.0,5520.0,407.0,0.0,0.0
9750,TOTAL,RCY_REU,T,SE,120260.0,118094.0,136122.0,120387.0,121839.0,147860.0,142171.0,147652.0,135490.0,129135.0,123900.0,127321.0,122688.0,46007.0
9751,TOTAL,RCY_REU,T,SI,0.0,10989.0,10559.0,9074.0,7909.0,4359.0,7511.0,7014.0,6805.0,5525.0,0.0,0.0,0.0,0.0
9752,TOTAL,RCY_REU,T,SK,0.0,26424.0,25243.0,20258.0,20603.0,19215.0,19896.0,20449.0,19089.0,17950.0,16562.0,12175.0,7205.0,2569.0
9753,TOTAL,RCY_REU,T,UK,703513.0,714678.0,792408.0,536580.0,420612.0,0.0,0.0,0.0,0.0,366218.0,340612.0,150548.0,0.0,0.0
9787,TOTAL,REU,T,AT,9838.0,9749.0,1777.0,1770.0,1321.0,1316.0,1248.0,887.0,1292.0,955.0,1236.0,831.0,1000.0,382.0
9788,TOTAL,REU,T,BE,8482.0,0.0,0.0,3548.0,3905.0,5578.0,4068.0,4324.0,5496.0,2779.0,2245.0,2199.0,2020.0,1220.0
9789,TOTAL,REU,T,BG,0.0,0.0,0.0,0.0,0.0,141.0,292.0,56.0,0.0,0.0,0.0,0.0,0.0,0.0
9790,TOTAL,REU,T,CY,0.0,177.0,247.0,180.0,98.0,91.0,42.0,65.0,21.0,12.0,0.0,0.0,0.0,0.0
9791,TOTAL,REU,T,CZ,0.0,0.0,0.0,0.0,0.0,0.0,0.0,0.0,0.0,0.0,0.0,0.0,0.0,0.0
9792,TOTAL,REU,T,DE,14146.0,23904.0,10445.0,3750.0,15552.0,13993.0,11845.0,10768.0,8873.0,10256.0,8789.0,6416.0,11978.0,0.0
9793,TOTAL,REU,T,DK,925.0,343.0,366.0,177.0,224.0,245.0,0.0,0.0,0.0,0.0,0.0,0.0,0.0,0.0
9794,TOTAL,REU,T,EE,0.0,0.0,0.0,0.0,0.0,0.0,0.0,0.0,0.0,0.0,0.0,0.0,0.0,0.0
9795,TOTAL,REU,T,EL,0.0,0.0,9.0,0.0,0.0,0.0,0.0,0.0,0.0,0.0,0.0,0.0,0.0,0.0
9796,TOTAL,REU,T,ES,0.0,0.0,0.0,0.0,1385.0,0.0,351.0,1292.0,1040.0,986.0,0.0,0.0,0.0,0.0
9797,TOTAL,REU,T,EU27_2020,46128.0,47082.0,24558.0,20836.0,0.0,0.0,0.0,0.0,0.0,0.0,0.0,0.0,0.0,0.0
9798,TOTAL,REU,T,EU28,46128.0,62897.0,46861.0,40882.0,0.0,0.0,0.0,0.0,0.0,0.0,0.0,0.0,0.0,0.0
9799,TOTAL,REU,T,FI,2053.0,2745.0,1545.0,895.0,706.0,968.0,557.0,229.0,183.0,201.0,381.0,337.0,379.0,37.0
9800,TOTAL,REU,T,FR,9294.0,7718.0,9245.0,8905.0,8629.0,8316.0,9568.0,13537.0,11524.0,14349.0,7562.0,7819.0,3539.0,0.0
9801,TOTAL,REU,T,HR,0.0,0.0,0.0,0.0,0.0,0.0,0.0,0.0,0.0,0.0,0.0,0.0,0.0,0.0
9802,TOTAL,REU,T,HU,0.0,0.0,0.0,0.0,0.0,0.0,0.0,0.0,131.0,0.0,0.0,0.0,0.0,0.0
9803,TOTAL,REU,T,IE,0.0,944.0,0.0,636.0,391.0,568.0,360.0,571.0,315.0,616.0,385.0,0.0,0.0,0.0
9804,TOTAL,REU,T,IS,0.0,0.0,0.0,0.0,0.0,0.0,0.0,0.0,3.0,0.0,0.0,0.0,0.0,0.0
9805,TOTAL,REU,T,IT,0.0,0.0,0.0,0.0,0.0,0.0,0.0,0.0,0.0,0.0,0.0,0.0,0.0,0.0
9806,TOTAL,REU,T,LI,0.0,0.0,0.0,0.0,0.0,0.0,0.0,0.0,0.0,0.0,0.0,0.0,0.0,0.0
9807,TOTAL,REU,T,LT,0.0,0.0,0.0,0.0,0.0,0.0,0.0,0.0,0.0,0.0,0.0,0.0,0.0,0.0
9808,TOTAL,REU,T,LU,0.0,0.0,0.0,0.0,0.0,0.0,0.0,0.0,0.0,0.0,0.0,0.0,0.0,0.0
9809,TOTAL,REU,T,LV,0.0,0.0,7.0,0.0,69.0,65.0,37.0,164.0,0.0,239.0,156.0,129.0,0.0,0.0
9810,TOTAL,REU,T,MT,0.0,0.0,0.0,0.0,0.0,0.0,0.0,1.0,0.0,0.0,0.0,0.0,0.0,0.0
9811,TOTAL,REU,T,NL,0.0,0.0,0.0,0.0,0.0,963.0,475.0,1589.0,1.0,1239.0,49.0,97.0,111.0,262.0
9812,TOTAL,REU,T,NO,1156.0,1567.0,1633.0,2253.0,1065.0,0.0,806.0,1367.0,475.0,1014.0,1350.0,1028.0,1698.0,1246.0
9813,TOTAL,REU,T,PL,0.0,1162.0,864.0,652.0,658.0,1139.0,791.0,579.0,340.0,820.0,9.0,14.0,0.0,0.0
9814,TOTAL,REU,T,PT,0.0,289.0,0.0,13.0,16.0,15.0,33.0,22.0,14.0,13.0,169.0,29.0,0.0,0.0
9815,TOTAL,REU,T,RO,0.0,0.0,0.0,0.0,0.0,0.0,0.0,0.0,0.0,0.0,0.0,0.0,0.0,0.0
9816,TOTAL,REU,T,SE,205.0,51.0,52.0,306.0,459.0,248.0,0.0,0.0,202.0,200.0,0.0,0.0,0.0,0.0
9817,TOTAL,REU,T,SI,0.0,0.0,2.0,4.0,0.0,0.0,30.0,39.0,0.0,0.0,0.0,0.0,0.0,0.0
9818,TOTAL,REU,T,SK,0.0,0.0,0.0,0.0,0.0,0.0,0.0,0.0,381.0,0.0,0.0,0.0,0.0,0.0
9819,TOTAL,REU,T,UK,0.0,15816.0,22303.0,20046.0,24141.0,26711.0,41630.0,49386.0,39080.0,25637.0,21670.0,7505.0,0.0,0.0
